blend_model_id,blend_name,base_model_id,base_readable_model_name,base_model_family,weight,non_trivial_weight
blend_rep_scores_feat_mixed_balance_mixed_loss_mixed_train_validation_weighted_ensemble_a1_uniform_probability_average,Blend | rep=scores | feat=mixed | balance=mixed | loss=mixed | train=validation_weighted | ensemble=A1_uniform_probability_average,catboost_rep_native_cat_feat_original_plus_basic_generated_balance_scale_pos_weight_loss_logloss_train_months_0_5_ensemble_none,CatBoost | rep=native_cat | feat=original_plus_basic_generated | balance=scale_pos_weight | loss=logloss | train=months_0_5 | ensemble=none,CatBoost,0.125,True
blend_rep_scores_feat_mixed_balance_mixed_loss_mixed_train_validation_weighted_ensemble_a1_uniform_probability_average,Blend | rep=scores | feat=mixed | balance=mixed | loss=mixed | train=validation_weighted | ensemble=A1_uniform_probability_average,catboost_rep_native_cat_feat_original_plus_basic_generated_balance_none_loss_logloss_train_months_0_5_ensemble_none,CatBoost | rep=native_cat | feat=original_plus_basic_generated | balance=none | loss=logloss | train=months_0_5 | ensemble=none,CatBoost,0.125,True
blend_rep_scores_feat_mixed_balance_mixed_loss_mixed_train_validation_weighted_ensemble_a1_uniform_probability_average,Blend | rep=scores | feat=mixed | balance=mixed | loss=mixed | train=validation_weighted | ensemble=A1_uniform_probability_average,xgboost_rep_target_frequency_feat_full_advanced_balance_scale_pos_weight_loss_logloss_train_months_0_5_ensemble_none,XGBoost | rep=target_frequency | feat=full_advanced | balance=scale_pos_weight | loss=logloss | train=months_0_5 | ensemble=none,XGBoost,0.125,True
blend_rep_scores_feat_mixed_balance_mixed_loss_mixed_train_validation_weighted_ensemble_a1_uniform_probability_average,Blend | rep=scores | feat=mixed | balance=mixed | loss=mixed | train=validation_weighted | ensemble=A1_uniform_probability_average,xgboost_rep_target_frequency_feat_full_advanced_balance_none_loss_logloss_train_months_0_5_ensemble_none,XGBoost | rep=target_frequency | feat=full_advanced | balance=none | loss=logloss | train=months_0_5 | ensemble=none,XGBoost,0.125,True
blend_rep_scores_feat_mixed_balance_mixed_loss_mixed_train_validation_weighted_ensemble_a1_uniform_probability_average,Blend | rep=scores | feat=mixed | balance=mixed | loss=mixed | train=validation_weighted | ensemble=A1_uniform_probability_average,lightgbm_rep_target_frequency_feat_full_advanced_balance_scale_pos_weight_loss_logloss_train_months_0_5_ensemble_none,LightGBM | rep=target_frequency | feat=full_advanced | balance=scale_pos_weight | loss=logloss | train=months_0_5 | ensemble=none,LightGBM,0.125,True
blend_rep_scores_feat_mixed_balance_mixed_loss_mixed_train_validation_weighted_ensemble_a1_uniform_probability_average,Blend | rep=scores | feat=mixed | balance=mixed | loss=mixed | train=validation_weighted | ensemble=A1_uniform_probability_average,lightgbm_rep_target_frequency_feat_full_advanced_balance_none_loss_logloss_train_months_0_5_ensemble_none,LightGBM | rep=target_frequency | feat=full_advanced | balance=none | loss=logloss | train=months_0_5 | ensemble=none,LightGBM,0.125,True
blend_rep_scores_feat_mixed_balance_mixed_loss_mixed_train_validation_weighted_ensemble_a1_uniform_probability_average,Blend | rep=scores | feat=mixed | balance=mixed | loss=mixed | train=validation_weighted | ensemble=A1_uniform_probability_average,logisticregression_rep_target_frequency_feat_full_advanced_balance_class_weight_balanced_loss_logloss_train_months_0_5_ensemble_none,LogisticRegression | rep=target_frequency | feat=full_advanced | balance=class_weight_balanced | loss=logloss | train=months_0_5 | ensemble=none,LogisticRegression,0.125,True
blend_rep_scores_feat_mixed_balance_mixed_loss_mixed_train_validation_weighted_ensemble_a1_uniform_probability_average,Blend | rep=scores | feat=mixed | balance=mixed | loss=mixed | train=validation_weighted | ensemble=A1_uniform_probability_average,logisticregression_rep_target_frequency_feat_full_advanced_balance_none_loss_logloss_train_months_0_5_ensemble_none,LogisticRegression | rep=target_frequency | feat=full_advanced | balance=none | loss=logloss | train=months_0_5 | ensemble=none,LogisticRegression,0.125,True
blend_rep_ranks_feat_mixed_balance_mixed_loss_mixed_train_validation_weighted_ensemble_a2_uniform_rank_average,Blend | rep=ranks | feat=mixed | balance=mixed | loss=mixed | train=validation_weighted | ensemble=A2_uniform_rank_average,catboost_rep_native_cat_feat_original_plus_basic_generated_balance_scale_pos_weight_loss_logloss_train_months_0_5_ensemble_none,CatBoost | rep=native_cat | feat=original_plus_basic_generated | balance=scale_pos_weight | loss=logloss | train=months_0_5 | ensemble=none,CatBoost,0.125,True
blend_rep_ranks_feat_mixed_balance_mixed_loss_mixed_train_validation_weighted_ensemble_a2_uniform_rank_average,Blend | rep=ranks | feat=mixed | balance=mixed | loss=mixed | train=validation_weighted | ensemble=A2_uniform_rank_average,catboost_rep_native_cat_feat_original_plus_basic_generated_balance_none_loss_logloss_train_months_0_5_ensemble_none,CatBoost | rep=native_cat | feat=original_plus_basic_generated | balance=none | loss=logloss | train=months_0_5 | ensemble=none,CatBoost,0.125,True
blend_rep_ranks_feat_mixed_balance_mixed_loss_mixed_train_validation_weighted_ensemble_a2_uniform_rank_average,Blend | rep=ranks | feat=mixed | balance=mixed | loss=mixed | train=validation_weighted | ensemble=A2_uniform_rank_average,xgboost_rep_target_frequency_feat_full_advanced_balance_scale_pos_weight_loss_logloss_train_months_0_5_ensemble_none,XGBoost | rep=target_frequency | feat=full_advanced | balance=scale_pos_weight | loss=logloss | train=months_0_5 | ensemble=none,XGBoost,0.125,True
blend_rep_ranks_feat_mixed_balance_mixed_loss_mixed_train_validation_weighted_ensemble_a2_uniform_rank_average,Blend | rep=ranks | feat=mixed | balance=mixed | loss=mixed | train=validation_weighted | ensemble=A2_uniform_rank_average,xgboost_rep_target_frequency_feat_full_advanced_balance_none_loss_logloss_train_months_0_5_ensemble_none,XGBoost | rep=target_frequency | feat=full_advanced | balance=none | loss=logloss | train=months_0_5 | ensemble=none,XGBoost,0.125,True
blend_rep_ranks_feat_mixed_balance_mixed_loss_mixed_train_validation_weighted_ensemble_a2_uniform_rank_average,Blend | rep=ranks | feat=mixed | balance=mixed | loss=mixed | train=validation_weighted | ensemble=A2_uniform_rank_average,lightgbm_rep_target_frequency_feat_full_advanced_balance_scale_pos_weight_loss_logloss_train_months_0_5_ensemble_none,LightGBM | rep=target_frequency | feat=full_advanced | balance=scale_pos_weight | loss=logloss | train=months_0_5 | ensemble=none,LightGBM,0.125,True
blend_rep_ranks_feat_mixed_balance_mixed_loss_mixed_train_validation_weighted_ensemble_a2_uniform_rank_average,Blend | rep=ranks | feat=mixed | balance=mixed | loss=mixed | train=validation_weighted | ensemble=A2_uniform_rank_average,lightgbm_rep_target_frequency_feat_full_advanced_balance_none_loss_logloss_train_months_0_5_ensemble_none,LightGBM | rep=target_frequency | feat=full_advanced | balance=none | loss=logloss | train=months_0_5 | ensemble=none,LightGBM,0.125,True
blend_rep_ranks_feat_mixed_balance_mixed_loss_mixed_train_validation_weighted_ensemble_a2_uniform_rank_average,Blend | rep=ranks | feat=mixed | balance=mixed | loss=mixed | train=validation_weighted | ensemble=A2_uniform_rank_average,logisticregression_rep_target_frequency_feat_full_advanced_balance_class_weight_balanced_loss_logloss_train_months_0_5_ensemble_none,LogisticRegression | rep=target_frequency | feat=full_advanced | balance=class_weight_balanced | loss=logloss | train=months_0_5 | ensemble=none,LogisticRegression,0.125,True
blend_rep_ranks_feat_mixed_balance_mixed_loss_mixed_train_validation_weighted_ensemble_a2_uniform_rank_average,Blend | rep=ranks | feat=mixed | balance=mixed | loss=mixed | train=validation_weighted | ensemble=A2_uniform_rank_average,logisticregression_rep_target_frequency_feat_full_advanced_balance_none_loss_logloss_train_months_0_5_ensemble_none,LogisticRegression | rep=target_frequency | feat=full_advanced | balance=none | loss=logloss | train=months_0_5 | ensemble=none,LogisticRegression,0.125,True
blend_rep_scores_feat_mixed_balance_mixed_loss_mixed_train_validation_weighted_ensemble_a3_weighted_probability_pr_auc,Blend | rep=scores | feat=mixed | balance=mixed | loss=mixed | train=validation_weighted | ensemble=A3_weighted_probability_pr_auc,catboost_rep_native_cat_feat_original_plus_basic_generated_balance_scale_pos_weight_loss_logloss_train_months_0_5_ensemble_none,CatBoost | rep=native_cat | feat=original_plus_basic_generated | balance=scale_pos_weight | loss=logloss | train=months_0_5 | ensemble=none,CatBoost,0.25,True
blend_rep_scores_feat_mixed_balance_mixed_loss_mixed_train_validation_weighted_ensemble_a3_weighted_probability_pr_auc,Blend | rep=scores | feat=mixed | balance=mixed | loss=mixed | train=validation_weighted | ensemble=A3_weighted_probability_pr_auc,catboost_rep_native_cat_feat_original_plus_basic_generated_balance_none_loss_logloss_train_months_0_5_ensemble_none,CatBoost | rep=native_cat | feat=original_plus_basic_generated | balance=none | loss=logloss | train=months_0_5 | ensemble=none,CatBoost,0.0,False
blend_rep_scores_feat_mixed_balance_mixed_loss_mixed_train_validation_weighted_ensemble_a3_weighted_probability_pr_auc,Blend | rep=scores | feat=mixed | balance=mixed | loss=mixed | train=validation_weighted | ensemble=A3_weighted_probability_pr_auc,xgboost_rep_target_frequency_feat_full_advanced_balance_scale_pos_weight_loss_logloss_train_months_0_5_ensemble_none,XGBoost | rep=target_frequency | feat=full_advanced | balance=scale_pos_weight | loss=logloss | train=months_0_5 | ensemble=none,XGBoost,0.25,True
blend_rep_scores_feat_mixed_balance_mixed_loss_mixed_train_validation_weighted_ensemble_a3_weighted_probability_pr_auc,Blend | rep=scores | feat=mixed | balance=mixed | loss=mixed | train=validation_weighted | ensemble=A3_weighted_probability_pr_auc,xgboost_rep_target_frequency_feat_full_advanced_balance_none_loss_logloss_train_months_0_5_ensemble_none,XGBoost | rep=target_frequency | feat=full_advanced | balance=none | loss=logloss | train=months_0_5 | ensemble=none,XGBoost,0.0,False
blend_rep_scores_feat_mixed_balance_mixed_loss_mixed_train_validation_weighted_ensemble_a3_weighted_probability_pr_auc,Blend | rep=scores | feat=mixed | balance=mixed | loss=mixed | train=validation_weighted | ensemble=A3_weighted_probability_pr_auc,lightgbm_rep_target_frequency_feat_full_advanced_balance_scale_pos_weight_loss_logloss_train_months_0_5_ensemble_none,LightGBM | rep=target_frequency | feat=full_advanced | balance=scale_pos_weight | loss=logloss | train=months_0_5 | ensemble=none,LightGBM,0.5,True
blend_rep_scores_feat_mixed_balance_mixed_loss_mixed_train_validation_weighted_ensemble_a3_weighted_probability_pr_auc,Blend | rep=scores | feat=mixed | balance=mixed | loss=mixed | train=validation_weighted | ensemble=A3_weighted_probability_pr_auc,lightgbm_rep_target_frequency_feat_full_advanced_balance_none_loss_logloss_train_months_0_5_ensemble_none,LightGBM | rep=target_frequency | feat=full_advanced | balance=none | loss=logloss | train=months_0_5 | ensemble=none,LightGBM,0.0,False
blend_rep_scores_feat_mixed_balance_mixed_loss_mixed_train_validation_weighted_ensemble_a3_weighted_probability_pr_auc,Blend | rep=scores | feat=mixed | balance=mixed | loss=mixed | train=validation_weighted | ensemble=A3_weighted_probability_pr_auc,logisticregression_rep_target_frequency_feat_full_advanced_balance_class_weight_balanced_loss_logloss_train_months_0_5_ensemble_none,LogisticRegression | rep=target_frequency | feat=full_advanced | balance=class_weight_balanced | loss=logloss | train=months_0_5 | ensemble=none,LogisticRegression,0.0,False
blend_rep_scores_feat_mixed_balance_mixed_loss_mixed_train_validation_weighted_ensemble_a3_weighted_probability_pr_auc,Blend | rep=scores | feat=mixed | balance=mixed | loss=mixed | train=validation_weighted | ensemble=A3_weighted_probability_pr_auc,logisticregression_rep_target_frequency_feat_full_advanced_balance_none_loss_logloss_train_months_0_5_ensemble_none,LogisticRegression | rep=target_frequency | feat=full_advanced | balance=none | loss=logloss | train=months_0_5 | ensemble=none,LogisticRegression,0.0,False
blend_rep_scores_feat_mixed_balance_mixed_loss_mixed_train_validation_weighted_ensemble_a4_weighted_probability_recall_fpr5,Blend | rep=scores | feat=mixed | balance=mixed | loss=mixed | train=validation_weighted | ensemble=A4_weighted_probability_recall_fpr5,catboost_rep_native_cat_feat_original_plus_basic_generated_balance_scale_pos_weight_loss_logloss_train_months_0_5_ensemble_none,CatBoost | rep=native_cat | feat=original_plus_basic_generated | balance=scale_pos_weight | loss=logloss | train=months_0_5 | ensemble=none,CatBoost,0.0,False
blend_rep_scores_feat_mixed_balance_mixed_loss_mixed_train_validation_weighted_ensemble_a4_weighted_probability_recall_fpr5,Blend | rep=scores | feat=mixed | balance=mixed | loss=mixed | train=validation_weighted | ensemble=A4_weighted_probability_recall_fpr5,catboost_rep_native_cat_feat_original_plus_basic_generated_balance_none_loss_logloss_train_months_0_5_ensemble_none,CatBoost | rep=native_cat | feat=original_plus_basic_generated | balance=none | loss=logloss | train=months_0_5 | ensemble=none,CatBoost,0.25,True
blend_rep_scores_feat_mixed_balance_mixed_loss_mixed_train_validation_weighted_ensemble_a4_weighted_probability_recall_fpr5,Blend | rep=scores | feat=mixed | balance=mixed | loss=mixed | train=validation_weighted | ensemble=A4_weighted_probability_recall_fpr5,xgboost_rep_target_frequency_feat_full_advanced_balance_scale_pos_weight_loss_logloss_train_months_0_5_ensemble_none,XGBoost | rep=target_frequency | feat=full_advanced | balance=scale_pos_weight | loss=logloss | train=months_0_5 | ensemble=none,XGBoost,0.25,True
blend_rep_scores_feat_mixed_balance_mixed_loss_mixed_train_validation_weighted_ensemble_a4_weighted_probability_recall_fpr5,Blend | rep=scores | feat=mixed | balance=mixed | loss=mixed | train=validation_weighted | ensemble=A4_weighted_probability_recall_fpr5,xgboost_rep_target_frequency_feat_full_advanced_balance_none_loss_logloss_train_months_0_5_ensemble_none,XGBoost | rep=target_frequency | feat=full_advanced | balance=none | loss=logloss | train=months_0_5 | ensemble=none,XGBoost,0.0,False
blend_rep_scores_feat_mixed_balance_mixed_loss_mixed_train_validation_weighted_ensemble_a4_weighted_probability_recall_fpr5,Blend | rep=scores | feat=mixed | balance=mixed | loss=mixed | train=validation_weighted | ensemble=A4_weighted_probability_recall_fpr5,lightgbm_rep_target_frequency_feat_full_advanced_balance_scale_pos_weight_loss_logloss_train_months_0_5_ensemble_none,LightGBM | rep=target_frequency | feat=full_advanced | balance=scale_pos_weight | loss=logloss | train=months_0_5 | ensemble=none,LightGBM,0.0,False
blend_rep_scores_feat_mixed_balance_mixed_loss_mixed_train_validation_weighted_ensemble_a4_weighted_probability_recall_fpr5,Blend | rep=scores | feat=mixed | balance=mixed | loss=mixed | train=validation_weighted | ensemble=A4_weighted_probability_recall_fpr5,lightgbm_rep_target_frequency_feat_full_advanced_balance_none_loss_logloss_train_months_0_5_ensemble_none,LightGBM | rep=target_frequency | feat=full_advanced | balance=none | loss=logloss | train=months_0_5 | ensemble=none,LightGBM,0.0,False
blend_rep_scores_feat_mixed_balance_mixed_loss_mixed_train_validation_weighted_ensemble_a4_weighted_probability_recall_fpr5,Blend | rep=scores | feat=mixed | balance=mixed | loss=mixed | train=validation_weighted | ensemble=A4_weighted_probability_recall_fpr5,logisticregression_rep_target_frequency_feat_full_advanced_balance_class_weight_balanced_loss_logloss_train_months_0_5_ensemble_none,LogisticRegression | rep=target_frequency | feat=full_advanced | balance=class_weight_balanced | loss=logloss | train=months_0_5 | ensemble=none,LogisticRegression,0.0,False
blend_rep_scores_feat_mixed_balance_mixed_loss_mixed_train_validation_weighted_ensemble_a4_weighted_probability_recall_fpr5,Blend | rep=scores | feat=mixed | balance=mixed | loss=mixed | train=validation_weighted | ensemble=A4_weighted_probability_recall_fpr5,logisticregression_rep_target_frequency_feat_full_advanced_balance_none_loss_logloss_train_months_0_5_ensemble_none,LogisticRegression | rep=target_frequency | feat=full_advanced | balance=none | loss=logloss | train=months_0_5 | ensemble=none,LogisticRegression,0.5,True
blend_rep_scores_feat_mixed_balance_mixed_loss_mixed_train_validation_weighted_ensemble_a5_weighted_probability_precision_top1,Blend | rep=scores | feat=mixed | balance=mixed | loss=mixed | train=validation_weighted | ensemble=A5_weighted_probability_precision_top1,catboost_rep_native_cat_feat_original_plus_basic_generated_balance_scale_pos_weight_loss_logloss_train_months_0_5_ensemble_none,CatBoost | rep=native_cat | feat=original_plus_basic_generated | balance=scale_pos_weight | loss=logloss | train=months_0_5 | ensemble=none,CatBoost,0.5,True
blend_rep_scores_feat_mixed_balance_mixed_loss_mixed_train_validation_weighted_ensemble_a5_weighted_probability_precision_top1,Blend | rep=scores | feat=mixed | balance=mixed | loss=mixed | train=validation_weighted | ensemble=A5_weighted_probability_precision_top1,catboost_rep_native_cat_feat_original_plus_basic_generated_balance_none_loss_logloss_train_months_0_5_ensemble_none,CatBoost | rep=native_cat | feat=original_plus_basic_generated | balance=none | loss=logloss | train=months_0_5 | ensemble=none,CatBoost,0.25,True
blend_rep_scores_feat_mixed_balance_mixed_loss_mixed_train_validation_weighted_ensemble_a5_weighted_probability_precision_top1,Blend | rep=scores | feat=mixed | balance=mixed | loss=mixed | train=validation_weighted | ensemble=A5_weighted_probability_precision_top1,xgboost_rep_target_frequency_feat_full_advanced_balance_scale_pos_weight_loss_logloss_train_months_0_5_ensemble_none,XGBoost | rep=target_frequency | feat=full_advanced | balance=scale_pos_weight | loss=logloss | train=months_0_5 | ensemble=none,XGBoost,0.0,False
blend_rep_scores_feat_mixed_balance_mixed_loss_mixed_train_validation_weighted_ensemble_a5_weighted_probability_precision_top1,Blend | rep=scores | feat=mixed | balance=mixed | loss=mixed | train=validation_weighted | ensemble=A5_weighted_probability_precision_top1,xgboost_rep_target_frequency_feat_full_advanced_balance_none_loss_logloss_train_months_0_5_ensemble_none,XGBoost | rep=target_frequency | feat=full_advanced | balance=none | loss=logloss | train=months_0_5 | ensemble=none,XGBoost,0.0,False
blend_rep_scores_feat_mixed_balance_mixed_loss_mixed_train_validation_weighted_ensemble_a5_weighted_probability_precision_top1,Blend | rep=scores | feat=mixed | balance=mixed | loss=mixed | train=validation_weighted | ensemble=A5_weighted_probability_precision_top1,lightgbm_rep_target_frequency_feat_full_advanced_balance_scale_pos_weight_loss_logloss_train_months_0_5_ensemble_none,LightGBM | rep=target_frequency | feat=full_advanced | balance=scale_pos_weight | loss=logloss | train=months_0_5 | ensemble=none,LightGBM,0.0,False
blend_rep_scores_feat_mixed_balance_mixed_loss_mixed_train_validation_weighted_ensemble_a5_weighted_probability_precision_top1,Blend | rep=scores | feat=mixed | balance=mixed | loss=mixed | train=validation_weighted | ensemble=A5_weighted_probability_precision_top1,lightgbm_rep_target_frequency_feat_full_advanced_balance_none_loss_logloss_train_months_0_5_ensemble_none,LightGBM | rep=target_frequency | feat=full_advanced | balance=none | loss=logloss | train=months_0_5 | ensemble=none,LightGBM,0.0,False
blend_rep_scores_feat_mixed_balance_mixed_loss_mixed_train_validation_weighted_ensemble_a5_weighted_probability_precision_top1,Blend | rep=scores | feat=mixed | balance=mixed | loss=mixed | train=validation_weighted | ensemble=A5_weighted_probability_precision_top1,logisticregression_rep_target_frequency_feat_full_advanced_balance_class_weight_balanced_loss_logloss_train_months_0_5_ensemble_none,LogisticRegression | rep=target_frequency | feat=full_advanced | balance=class_weight_balanced | loss=logloss | train=months_0_5 | ensemble=none,LogisticRegression,0.25,True
blend_rep_scores_feat_mixed_balance_mixed_loss_mixed_train_validation_weighted_ensemble_a5_weighted_probability_precision_top1,Blend | rep=scores | feat=mixed | balance=mixed | loss=mixed | train=validation_weighted | ensemble=A5_weighted_probability_precision_top1,logisticregression_rep_target_frequency_feat_full_advanced_balance_none_loss_logloss_train_months_0_5_ensemble_none,LogisticRegression | rep=target_frequency | feat=full_advanced | balance=none | loss=logloss | train=months_0_5 | ensemble=none,LogisticRegression,0.0,False
blend_rep_scores_feat_mixed_balance_mixed_loss_mixed_train_validation_weighted_ensemble_a6_weighted_probability_fdr_reduction,Blend | rep=scores | feat=mixed | balance=mixed | loss=mixed | train=validation_weighted | ensemble=A6_weighted_probability_fdr_reduction,catboost_rep_native_cat_feat_original_plus_basic_generated_balance_scale_pos_weight_loss_logloss_train_months_0_5_ensemble_none,CatBoost | rep=native_cat | feat=original_plus_basic_generated | balance=scale_pos_weight | loss=logloss | train=months_0_5 | ensemble=none,CatBoost,0.25,True
blend_rep_scores_feat_mixed_balance_mixed_loss_mixed_train_validation_weighted_ensemble_a6_weighted_probability_fdr_reduction,Blend | rep=scores | feat=mixed | balance=mixed | loss=mixed | train=validation_weighted | ensemble=A6_weighted_probability_fdr_reduction,catboost_rep_native_cat_feat_original_plus_basic_generated_balance_none_loss_logloss_train_months_0_5_ensemble_none,CatBoost | rep=native_cat | feat=original_plus_basic_generated | balance=none | loss=logloss | train=months_0_5 | ensemble=none,CatBoost,0.5,True
blend_rep_scores_feat_mixed_balance_mixed_loss_mixed_train_validation_weighted_ensemble_a6_weighted_probability_fdr_reduction,Blend | rep=scores | feat=mixed | balance=mixed | loss=mixed | train=validation_weighted | ensemble=A6_weighted_probability_fdr_reduction,xgboost_rep_target_frequency_feat_full_advanced_balance_scale_pos_weight_loss_logloss_train_months_0_5_ensemble_none,XGBoost | rep=target_frequency | feat=full_advanced | balance=scale_pos_weight | loss=logloss | train=months_0_5 | ensemble=none,XGBoost,0.0,False
blend_rep_scores_feat_mixed_balance_mixed_loss_mixed_train_validation_weighted_ensemble_a6_weighted_probability_fdr_reduction,Blend | rep=scores | feat=mixed | balance=mixed | loss=mixed | train=validation_weighted | ensemble=A6_weighted_probability_fdr_reduction,xgboost_rep_target_frequency_feat_full_advanced_balance_none_loss_logloss_train_months_0_5_ensemble_none,XGBoost | rep=target_frequency | feat=full_advanced | balance=none | loss=logloss | train=months_0_5 | ensemble=none,XGBoost,0.25,True
blend_rep_scores_feat_mixed_balance_mixed_loss_mixed_train_validation_weighted_ensemble_a6_weighted_probability_fdr_reduction,Blend | rep=scores | feat=mixed | balance=mixed | loss=mixed | train=validation_weighted | ensemble=A6_weighted_probability_fdr_reduction,lightgbm_rep_target_frequency_feat_full_advanced_balance_scale_pos_weight_loss_logloss_train_months_0_5_ensemble_none,LightGBM | rep=target_frequency | feat=full_advanced | balance=scale_pos_weight | loss=logloss | train=months_0_5 | ensemble=none,LightGBM,0.0,False
blend_rep_scores_feat_mixed_balance_mixed_loss_mixed_train_validation_weighted_ensemble_a6_weighted_probability_fdr_reduction,Blend | rep=scores | feat=mixed | balance=mixed | loss=mixed | train=validation_weighted | ensemble=A6_weighted_probability_fdr_reduction,lightgbm_rep_target_frequency_feat_full_advanced_balance_none_loss_logloss_train_months_0_5_ensemble_none,LightGBM | rep=target_frequency | feat=full_advanced | balance=none | loss=logloss | train=months_0_5 | ensemble=none,LightGBM,0.0,False
blend_rep_scores_feat_mixed_balance_mixed_loss_mixed_train_validation_weighted_ensemble_a6_weighted_probability_fdr_reduction,Blend | rep=scores | feat=mixed | balance=mixed | loss=mixed | train=validation_weighted | ensemble=A6_weighted_probability_fdr_reduction,logisticregression_rep_target_frequency_feat_full_advanced_balance_class_weight_balanced_loss_logloss_train_months_0_5_ensemble_none,LogisticRegression | rep=target_frequency | feat=full_advanced | balance=class_weight_balanced | loss=logloss | train=months_0_5 | ensemble=none,LogisticRegression,0.0,False
blend_rep_scores_feat_mixed_balance_mixed_loss_mixed_train_validation_weighted_ensemble_a6_weighted_probability_fdr_reduction,Blend | rep=scores | feat=mixed | balance=mixed | loss=mixed | train=validation_weighted | ensemble=A6_weighted_probability_fdr_reduction,logisticregression_rep_target_frequency_feat_full_advanced_balance_none_loss_logloss_train_months_0_5_ensemble_none,LogisticRegression | rep=target_frequency | feat=full_advanced | balance=none | loss=logloss | train=months_0_5 | ensemble=none,LogisticRegression,0.0,False
blend_rep_scores_feat_mixed_balance_mixed_loss_mixed_train_validation_weighted_ensemble_a7_sparse_blend_max3,Blend | rep=scores | feat=mixed | balance=mixed | loss=mixed | train=validation_weighted | ensemble=A7_sparse_blend_max3,catboost_rep_native_cat_feat_original_plus_basic_generated_balance_scale_pos_weight_loss_logloss_train_months_0_5_ensemble_none,CatBoost | rep=native_cat | feat=original_plus_basic_generated | balance=scale_pos_weight | loss=logloss | train=months_0_5 | ensemble=none,CatBoost,0.0,False
blend_rep_scores_feat_mixed_balance_mixed_loss_mixed_train_validation_weighted_ensemble_a7_sparse_blend_max3,Blend | rep=scores | feat=mixed | balance=mixed | loss=mixed | train=validation_weighted | ensemble=A7_sparse_blend_max3,catboost_rep_native_cat_feat_original_plus_basic_generated_balance_none_loss_logloss_train_months_0_5_ensemble_none,CatBoost | rep=native_cat | feat=original_plus_basic_generated | balance=none | loss=logloss | train=months_0_5 | ensemble=none,CatBoost,0.7,True
blend_rep_scores_feat_mixed_balance_mixed_loss_mixed_train_validation_weighted_ensemble_a7_sparse_blend_max3,Blend | rep=scores | feat=mixed | balance=mixed | loss=mixed | train=validation_weighted | ensemble=A7_sparse_blend_max3,xgboost_rep_target_frequency_feat_full_advanced_balance_scale_pos_weight_loss_logloss_train_months_0_5_ensemble_none,XGBoost | rep=target_frequency | feat=full_advanced | balance=scale_pos_weight | loss=logloss | train=months_0_5 | ensemble=none,XGBoost,0.1,True
blend_rep_scores_feat_mixed_balance_mixed_loss_mixed_train_validation_weighted_ensemble_a7_sparse_blend_max3,Blend | rep=scores | feat=mixed | balance=mixed | loss=mixed | train=validation_weighted | ensemble=A7_sparse_blend_max3,xgboost_rep_target_frequency_feat_full_advanced_balance_none_loss_logloss_train_months_0_5_ensemble_none,XGBoost | rep=target_frequency | feat=full_advanced | balance=none | loss=logloss | train=months_0_5 | ensemble=none,XGBoost,0.0,False
blend_rep_scores_feat_mixed_balance_mixed_loss_mixed_train_validation_weighted_ensemble_a7_sparse_blend_max3,Blend | rep=scores | feat=mixed | balance=mixed | loss=mixed | train=validation_weighted | ensemble=A7_sparse_blend_max3,lightgbm_rep_target_frequency_feat_full_advanced_balance_scale_pos_weight_loss_logloss_train_months_0_5_ensemble_none,LightGBM | rep=target_frequency | feat=full_advanced | balance=scale_pos_weight | loss=logloss | train=months_0_5 | ensemble=none,LightGBM,0.0,False
blend_rep_scores_feat_mixed_balance_mixed_loss_mixed_train_validation_weighted_ensemble_a7_sparse_blend_max3,Blend | rep=scores | feat=mixed | balance=mixed | loss=mixed | train=validation_weighted | ensemble=A7_sparse_blend_max3,lightgbm_rep_target_frequency_feat_full_advanced_balance_none_loss_logloss_train_months_0_5_ensemble_none,LightGBM | rep=target_frequency | feat=full_advanced | balance=none | loss=logloss | train=months_0_5 | ensemble=none,LightGBM,0.2,True
blend_rep_scores_feat_mixed_balance_mixed_loss_mixed_train_validation_weighted_ensemble_a7_sparse_blend_max3,Blend | rep=scores | feat=mixed | balance=mixed | loss=mixed | train=validation_weighted | ensemble=A7_sparse_blend_max3,logisticregression_rep_target_frequency_feat_full_advanced_balance_class_weight_balanced_loss_logloss_train_months_0_5_ensemble_none,LogisticRegression | rep=target_frequency | feat=full_advanced | balance=class_weight_balanced | loss=logloss | train=months_0_5 | ensemble=none,LogisticRegression,0.0,False
blend_rep_scores_feat_mixed_balance_mixed_loss_mixed_train_validation_weighted_ensemble_a7_sparse_blend_max3,Blend | rep=scores | feat=mixed | balance=mixed | loss=mixed | train=validation_weighted | ensemble=A7_sparse_blend_max3,logisticregression_rep_target_frequency_feat_full_advanced_balance_none_loss_logloss_train_months_0_5_ensemble_none,LogisticRegression | rep=target_frequency | feat=full_advanced | balance=none | loss=logloss | train=months_0_5 | ensemble=none,LogisticRegression,0.0,False
