mean_fit_time,std_fit_time,mean_score_time,std_score_time,param_features__add_log_features,param_features__add_missing_flags,param_features__add_outlier_flags,param_model__C,params,split0_test_score,mean_test_score,std_test_score,rank_test_score,model,param_model__ccp_alpha,param_model__max_depth,param_model__min_samples_leaf,param_model__min_samples_split,param_model__max_features,param_model__n_estimators,param_model__colsample_bytree,param_model__gamma,param_model__learning_rate,param_model__min_child_weight,param_model__reg_lambda,param_model__scale_pos_weight,param_model__subsample,param_model__min_child_samples,param_model__num_leaves,param_weights
5.005032062530518,0.0,0.07149004936218262,0.0,True,False,True,0.035506214270707714,"{'features__add_log_features': True, 'features__add_missing_flags': False, 'features__add_outlier_flags': True, 'model__C': np.float64(0.035506214270707714)}",0.12973964821702202,0.12973964821702202,0.0,4,Logistic Regression,,,,,,,,,,,,,,,,
5.349230527877808,0.0,0.08547163009643555,0.0,False,True,True,0.02938027938703535,"{'features__add_log_features': False, 'features__add_missing_flags': True, 'features__add_outlier_flags': True, 'model__C': np.float64(0.02938027938703535)}",0.13833802543200074,0.13833802543200074,0.0,1,Logistic Regression,,,,,,,,,,,,,,,,
6.076444625854492,0.0,0.5644536018371582,0.0,True,True,True,0.2386418878005606,"{'features__add_log_features': True, 'features__add_missing_flags': True, 'features__add_outlier_flags': True, 'model__C': np.float64(0.2386418878005606)}",0.13779576648441327,0.13779576648441327,0.0,2,Logistic Regression,,,,,,,,,,,,,,,,
3.063194751739502,0.0,0.07317781448364258,0.0,True,False,False,1.3311216080736887,"{'features__add_log_features': True, 'features__add_missing_flags': False, 'features__add_outlier_flags': False, 'model__C': np.float64(1.3311216080736887)}",0.12754033685710117,0.12754033685710117,0.0,5,Logistic Regression,,,,,,,,,,,,,,,,
4.121691465377808,0.0,0.06342315673828125,0.0,False,True,False,1.4655354118727704,"{'features__add_log_features': False, 'features__add_missing_flags': True, 'features__add_outlier_flags': False, 'model__C': np.float64(1.4655354118727704)}",0.13483119176104144,0.13483119176104144,0.0,3,Logistic Regression,,,,,,,,,,,,,,,,
4.100872755050659,0.0,0.07082033157348633,0.0,False,False,False,0.035113563139704075,"{'features__add_log_features': False, 'features__add_missing_flags': False, 'features__add_outlier_flags': False, 'model__C': np.float64(0.035113563139704075)}",0.1249993850796835,0.1249993850796835,0.0,6,Logistic Regression,,,,,,,,,,,,,,,,
2.5633976459503174,0.0,0.07157135009765625,0.0,True,False,True,,"{'features__add_log_features': True, 'features__add_missing_flags': False, 'features__add_outlier_flags': True, 'model__ccp_alpha': 0.0001, 'model__max_depth': 8, 'model__min_samples_leaf': 121, 'model__min_samples_split': 800}",0.06479027951535601,0.06479027951535601,0.0,6,Decision Tree,0.0001,8,121.0,800.0,,,,,,,,,,,,
2.4060065746307373,0.0,0.08120584487915039,0.0,True,True,False,,"{'features__add_log_features': True, 'features__add_missing_flags': True, 'features__add_outlier_flags': False, 'model__ccp_alpha': 0.0001, 'model__max_depth': 8, 'model__min_samples_leaf': 137, 'model__min_samples_split': 472}",0.06567992078268534,0.06567992078268534,0.0,5,Decision Tree,0.0001,8,137.0,472.0,,,,,,,,,,,,
2.032087564468384,0.0,0.07306456565856934,0.0,False,False,False,,"{'features__add_log_features': False, 'features__add_missing_flags': False, 'features__add_outlier_flags': False, 'model__ccp_alpha': 0.0001, 'model__max_depth': None, 'model__min_samples_leaf': 358, 'model__min_samples_split': 869}",0.0678548311575172,0.0678548311575172,0.0,3,Decision Tree,0.0001,,358.0,869.0,,,,,,,,,,,,
1.8894329071044922,0.0,0.07629704475402832,0.0,False,False,False,,"{'features__add_log_features': False, 'features__add_missing_flags': False, 'features__add_outlier_flags': False, 'model__ccp_alpha': 1e-05, 'model__max_depth': 6, 'model__min_samples_leaf': 241, 'model__min_samples_split': 376}",0.06256156182048972,0.06256156182048972,0.0,7,Decision Tree,1e-05,6,241.0,376.0,,,,,,,,,,,,
2.4839203357696533,0.0,0.0709531307220459,0.0,True,False,False,,"{'features__add_log_features': True, 'features__add_missing_flags': False, 'features__add_outlier_flags': False, 'model__ccp_alpha': 1e-05, 'model__max_depth': 12, 'model__min_samples_leaf': 285, 'model__min_samples_split': 956}",0.06916098594639791,0.06916098594639791,0.0,1,Decision Tree,1e-05,12,285.0,956.0,,,,,,,,,,,,
-0.04267144203186035,0.0,0.10044980049133301,0.0,True,True,True,,"{'features__add_log_features': True, 'features__add_missing_flags': True, 'features__add_outlier_flags': True, 'model__ccp_alpha': 0.0001, 'model__max_depth': 6, 'model__min_samples_leaf': 237, 'model__min_samples_split': 882}",0.06252575895135624,0.06252575895135624,0.0,8,Decision Tree,0.0001,6,237.0,882.0,,,,,,,,,,,,
2.0909981727600098,0.0,0.060236454010009766,0.0,False,False,True,,"{'features__add_log_features': False, 'features__add_missing_flags': False, 'features__add_outlier_flags': True, 'model__ccp_alpha': 1e-05, 'model__max_depth': 8, 'model__min_samples_leaf': 413, 'model__min_samples_split': 666}",0.06868654494073095,0.06868654494073095,0.0,2,Decision Tree,1e-05,8,413.0,666.0,,,,,,,,,,,,
1.709552526473999,0.0,0.061316490173339844,0.0,False,False,True,,"{'features__add_log_features': False, 'features__add_missing_flags': False, 'features__add_outlier_flags': True, 'model__ccp_alpha': 0.0001, 'model__max_depth': 12, 'model__min_samples_leaf': 356, 'model__min_samples_split': 746}",0.06630342736112929,0.06630342736112929,0.0,4,Decision Tree,0.0001,12,356.0,746.0,,,,,,,,,,,,
4.545246124267578,0.0,0.16147947311401367,0.0,True,False,True,,"{'features__add_log_features': True, 'features__add_missing_flags': False, 'features__add_outlier_flags': True, 'model__max_depth': 12, 'model__max_features': 'sqrt', 'model__min_samples_leaf': 70, 'model__n_estimators': 88}",0.13164025761389564,0.13164025761389564,0.0,1,Random Forest,,12,70.0,,sqrt,88.0,,,,,,,,,,
8.591066122055054,0.0,0.14893651008605957,0.0,False,True,True,,"{'features__add_log_features': False, 'features__add_missing_flags': True, 'features__add_outlier_flags': True, 'model__max_depth': 12, 'model__max_features': 0.5, 'model__min_samples_leaf': 137, 'model__n_estimators': 102}",0.11556022969470373,0.11556022969470373,0.0,5,Random Forest,,12,137.0,,0.5,102.0,,,,,,,,,,
2.89436674118042,0.0,0.17475414276123047,0.0,False,False,False,,"{'features__add_log_features': False, 'features__add_missing_flags': False, 'features__add_outlier_flags': False, 'model__max_depth': 12, 'model__max_features': 'log2', 'model__min_samples_leaf': 307, 'model__n_estimators': 73}",0.12275603967535008,0.12275603967535008,0.0,2,Random Forest,,12,307.0,,log2,73.0,,,,,,,,,,
2.927471876144409,0.0,0.16042089462280273,0.0,False,False,False,,"{'features__add_log_features': False, 'features__add_missing_flags': False, 'features__add_outlier_flags': False, 'model__max_depth': 10, 'model__max_features': 'sqrt', 'model__min_samples_leaf': 210, 'model__n_estimators': 61}",0.11827019724980352,0.11827019724980352,0.0,4,Random Forest,,10,210.0,,sqrt,61.0,,,,,,,,,,
3.542795181274414,0.0,0.1804049015045166,0.0,False,False,True,,"{'features__add_log_features': False, 'features__add_missing_flags': False, 'features__add_outlier_flags': True, 'model__max_depth': 16, 'model__max_features': 'sqrt', 'model__min_samples_leaf': 98, 'model__n_estimators': 76}",0.1222803101523206,0.1222803101523206,0.0,3,Random Forest,,16,98.0,,sqrt,76.0,,,,,,,,,,
2.418199062347412,0.0,0.15176105499267578,0.0,True,False,True,,"{'features__add_log_features': True, 'features__add_missing_flags': False, 'features__add_outlier_flags': True, 'model__max_depth': 12, 'model__max_features': 'sqrt', 'model__min_samples_leaf': 70, 'model__n_estimators': 88}",0.11363947335021822,0.11363947335021822,0.0,1,Extra Trees,,12,70.0,,sqrt,88.0,,,,,,,,,,
7.65778660774231,0.0,0.18513083457946777,0.0,False,True,True,,"{'features__add_log_features': False, 'features__add_missing_flags': True, 'features__add_outlier_flags': True, 'model__max_depth': 12, 'model__max_features': 0.5, 'model__min_samples_leaf': 137, 'model__n_estimators': 102}",0.1076842027931666,0.1076842027931666,0.0,3,Extra Trees,,12,137.0,,0.5,102.0,,,,,,,,,,
1.9273953437805176,0.0,0.15710210800170898,0.0,False,False,False,,"{'features__add_log_features': False, 'features__add_missing_flags': False, 'features__add_outlier_flags': False, 'model__max_depth': 12, 'model__max_features': 'log2', 'model__min_samples_leaf': 307, 'model__n_estimators': 73}",0.1097717108089684,0.1097717108089684,0.0,2,Extra Trees,,12,307.0,,log2,73.0,,,,,,,,,,
1.9405529499053955,0.0,0.14931344985961914,0.0,False,False,False,,"{'features__add_log_features': False, 'features__add_missing_flags': False, 'features__add_outlier_flags': False, 'model__max_depth': 10, 'model__max_features': 'sqrt', 'model__min_samples_leaf': 210, 'model__n_estimators': 61}",0.10677992578589955,0.10677992578589955,0.0,5,Extra Trees,,10,210.0,,sqrt,61.0,,,,,,,,,,
2.2442893981933594,0.0,0.1576673984527588,0.0,False,False,True,,"{'features__add_log_features': False, 'features__add_missing_flags': False, 'features__add_outlier_flags': True, 'model__max_depth': 16, 'model__max_features': 'sqrt', 'model__min_samples_leaf': 98, 'model__n_estimators': 76}",0.10684406437040435,0.10684406437040435,0.0,4,Extra Trees,,16,98.0,,sqrt,76.0,,,,,,,,,,
35.628159523010254,0.0,0.30278730392456055,0.0,True,False,True,,"{'features__add_log_features': True, 'features__add_missing_flags': False, 'features__add_outlier_flags': True, 'model__colsample_bytree': np.float64(0.7550304369598491), 'model__gamma': np.float64(2.339073000818308), 'model__learning_rate': np.float64(0.05977505142360254), 'model__max_depth': 4, 'model__min_child_weight': 3, 'model__n_estimators': 146, 'model__reg_lambda': np.float64(0.5950295391592122), 'model__scale_pos_weight': np.float64(72.39952153110048), 'model__subsample': np.float64(0.8803345035229626)}",0.1660031235881788,0.1660031235881788,0.0,1,XGBoost,,4,,,,146.0,0.7550304369598491,2.339073000818308,0.05977505142360254,3.0,0.5950295391592122,72.39952153110048,0.8803345035229626,,,
14.33756971359253,0.0,0.2688469886779785,0.0,False,True,False,,"{'features__add_log_features': False, 'features__add_missing_flags': True, 'features__add_outlier_flags': False, 'model__colsample_bytree': np.float64(0.71692347370813), 'model__gamma': np.float64(2.165996316800474), 'model__learning_rate': np.float64(0.16637391143003455), 'model__max_depth': 4, 'model__min_child_weight': 5, 'model__n_estimators': 92, 'model__reg_lambda': np.float64(1.2439367209907215), 'model__scale_pos_weight': np.float64(96.53269537480064), 'model__subsample': np.float64(0.7021198915659151)}",0.1387020921537655,0.1387020921537655,0.0,4,XGBoost,,4,,,,92.0,0.71692347370813,2.165996316800474,0.16637391143003455,5.0,1.2439367209907215,96.53269537480064,0.7021198915659151,,,
41.052107095718384,0.0,0.1931312084197998,0.0,True,True,True,,"{'features__add_log_features': True, 'features__add_missing_flags': True, 'features__add_outlier_flags': True, 'model__colsample_bytree': np.float64(0.8835558684167137), 'model__gamma': np.float64(0.4184815819561255), 'model__learning_rate': np.float64(0.023993242906812727), 'model__max_depth': 6, 'model__min_child_weight': 3, 'model__n_estimators': 114, 'model__reg_lambda': np.float64(9.51005173310689), 'model__scale_pos_weight': np.float64(72.39952153110048), 'model__subsample': np.float64(0.7139351238159992)}",0.13298073722073692,0.13298073722073692,0.0,5,XGBoost,,6,,,,114.0,0.8835558684167137,0.4184815819561255,0.023993242906812727,3.0,9.51005173310689,72.39952153110048,0.7139351238159992,,,
14.620650053024292,0.0,0.23549222946166992,0.0,True,True,True,,"{'features__add_log_features': True, 'features__add_missing_flags': True, 'features__add_outlier_flags': True, 'model__colsample_bytree': np.float64(0.8351497755908628), 'model__gamma': np.float64(0.039794883479599585), 'model__learning_rate': np.float64(0.16820261606177922), 'model__max_depth': 4, 'model__min_child_weight': 2, 'model__n_estimators': 68, 'model__reg_lambda': np.float64(0.5244964793840513), 'model__scale_pos_weight': np.float64(96.53269537480064), 'model__subsample': np.float64(0.905269907953647)}",0.1539097780088337,0.1539097780088337,0.0,3,XGBoost,,4,,,,68.0,0.8351497755908628,0.039794883479599585,0.16820261606177922,2.0,0.5244964793840513,96.53269537480064,0.905269907953647,,,
17.04755663871765,0.0,0.45406603813171387,0.0,True,False,True,,"{'features__add_log_features': True, 'features__add_missing_flags': False, 'features__add_outlier_flags': True, 'model__colsample_bytree': np.float64(0.8829989973347863), 'model__gamma': np.float64(2.499584735208493), 'model__learning_rate': np.float64(0.016809415579919437), 'model__max_depth': 3, 'model__min_child_weight': 4, 'model__n_estimators': 109, 'model__reg_lambda': np.float64(3.6385753170854684), 'model__scale_pos_weight': np.float64(96.53269537480064), 'model__subsample': np.float64(0.8275467623473733)}",0.10743303722735495,0.10743303722735495,0.0,6,XGBoost,,3,,,,109.0,0.8829989973347863,2.499584735208493,0.016809415579919437,4.0,3.6385753170854684,96.53269537480064,0.8275467623473733,,,
9.778264999389648,0.0,0.2600839138031006,0.0,False,False,False,,"{'features__add_log_features': False, 'features__add_missing_flags': False, 'features__add_outlier_flags': False, 'model__colsample_bytree': np.float64(0.7554563366576581), 'model__gamma': np.float64(2.9087538832936755), 'model__learning_rate': np.float64(0.10196967939171485), 'model__max_depth': 4, 'model__min_child_weight': 4, 'model__n_estimators': 73, 'model__reg_lambda': np.float64(4.417460613160028), 'model__scale_pos_weight': np.float64(120.6658692185008), 'model__subsample': np.float64(0.7265477506155757)}",0.16095438327000602,0.16095438327000602,0.0,2,XGBoost,,4,,,,73.0,0.7554563366576581,2.9087538832936755,0.10196967939171485,4.0,4.417460613160028,120.6658692185008,0.7265477506155757,,,
1.3700740337371826,0.0,0.1823287010192871,0.0,True,False,True,,"{'features__add_log_features': True, 'features__add_missing_flags': False, 'features__add_outlier_flags': True, 'model__colsample_bytree': np.float64(0.7550304369598491), 'model__learning_rate': np.float64(0.10337163339642635), 'model__max_depth': 3, 'model__min_child_samples': 182, 'model__n_estimators': 73, 'model__num_leaves': 17, 'model__reg_lambda': np.float64(0.10994335574766201), 'model__scale_pos_weight': np.float64(96.53269537480064), 'model__subsample': np.float64(0.9165996316800473)}",0.13129902606850274,0.13129902606850274,0.0,4,LightGBM,,3,,,,73.0,0.7550304369598491,,0.10337163339642635,,0.10994335574766201,96.53269537480064,0.9165996316800473,182.0,17.0,
0.8847243785858154,0.0,0.09763360023498535,0.0,False,False,False,,"{'features__add_log_features': False, 'features__add_missing_flags': False, 'features__add_outlier_flags': False, 'model__colsample_bytree': np.float64(0.7545474901621302), 'model__learning_rate': np.float64(0.017322667470546258), 'model__max_depth': -1, 'model__min_child_samples': 137, 'model__n_estimators': 71, 'model__num_leaves': 39, 'model__reg_lambda': np.float64(0.38234752246751863), 'model__scale_pos_weight': np.float64(120.6658692185008), 'model__subsample': np.float64(0.8199582915145766)}",0.14174949461084413,0.14174949461084413,0.0,2,LightGBM,,-1,,,,71.0,0.7545474901621302,,0.017322667470546258,,0.38234752246751863,120.6658692185008,0.8199582915145766,137.0,39.0,
0.8559000492095947,0.0,0.10750579833984375,0.0,False,False,False,,"{'features__add_log_features': False, 'features__add_missing_flags': False, 'features__add_outlier_flags': False, 'model__colsample_bytree': np.float64(0.8099085529881075), 'model__learning_rate': np.float64(0.03920673972242137), 'model__max_depth': 8, 'model__min_child_samples': 269, 'model__n_estimators': 100, 'model__num_leaves': 17, 'model__reg_lambda': np.float64(5.2466345336252855), 'model__scale_pos_weight': np.float64(120.6658692185008), 'model__subsample': np.float64(0.7511572371061874)}",0.1420568477658535,0.1420568477658535,0.0,1,LightGBM,,8,,,,100.0,0.8099085529881075,,0.03920673972242137,,5.2466345336252855,120.6658692185008,0.7511572371061874,269.0,17.0,
0.8721725940704346,0.0,0.11134719848632812,0.0,True,False,False,,"{'features__add_log_features': True, 'features__add_missing_flags': False, 'features__add_outlier_flags': False, 'model__colsample_bytree': np.float64(0.9826605267054558), 'model__learning_rate': np.float64(0.05405736440453861), 'model__max_depth': 5, 'model__min_child_samples': 88, 'model__n_estimators': 102, 'model__num_leaves': 16, 'model__reg_lambda': np.float64(2.3359635026261603), 'model__scale_pos_weight': np.float64(120.6658692185008), 'model__subsample': np.float64(0.9049790556476374)}",0.139140733560164,0.139140733560164,0.0,3,LightGBM,,5,,,,102.0,0.9826605267054558,,0.05405736440453861,,2.3359635026261603,120.6658692185008,0.9049790556476374,88.0,16.0,
9.290619850158691,0.0,1.8671917915344238,0.0,,,,,"{'weights': (1, 1, 1)}",0.15999372716519464,0.15999372716519464,0.0,2,Voting Classifier,,,,,,,,,,,,,,,,"(1, 1, 1)"
12.602724313735962,0.0,0.5682382583618164,0.0,,,,,"{'weights': (2, 1, 1)}",0.15789035722314476,0.15789035722314476,0.0,4,Voting Classifier,,,,,,,,,,,,,,,,"(2, 1, 1)"
8.230372428894043,0.0,0.3152289390563965,0.0,,,,,"{'weights': (1, 2, 1)}",0.158972760331467,0.158972760331467,0.0,3,Voting Classifier,,,,,,,,,,,,,,,,"(1, 2, 1)"
7.972504377365112,0.0,0.9112772941589355,0.0,,,,,"{'weights': (1, 1, 2)}",0.1635082580536903,0.1635082580536903,0.0,1,Voting Classifier,,,,,,,,,,,,,,,,"(1, 1, 2)"
