rule_id,conditions,leaf_samples,leaf_fraud_rate,selection_support,selection_tp,selection_fp,selection_precision,selection_fdr,selection_recall_tpr,selection_fpr,selected
0,current_address_months_count <= 44.5 AND prev_address_months_count <= 2 AND credit_risk_score <= 132.5 AND name_email_similarity <= 0.249139 AND device_distinct_emails_8w <= 1.5,1,0.4128571943259054,4555,34,4521,0.007464324917672887,0.9925356750823271,0.024096385542168676,0.03834215347038469,False
1,current_address_months_count <= 44.5 AND prev_address_months_count <= 2 AND credit_risk_score <= 132.5 AND name_email_similarity <= 0.249139 AND device_distinct_emails_8w > 1.5,1,0.817877928302442,74,4,70,0.05405405405405406,0.9459459459459459,0.002834868887313962,0.000593663070764638,False
2,current_address_months_count <= 44.5 AND prev_address_months_count <= 2 AND credit_risk_score <= 132.5 AND name_email_similarity > 0.249139 AND keep_alive_session <= 0.5,1,0.3247135537213056,2944,20,2924,0.006793478260869565,0.9932065217391305,0.014174344436569808,0.024798154555940023,False
3,current_address_months_count <= 44.5 AND prev_address_months_count <= 2 AND credit_risk_score <= 132.5 AND name_email_similarity > 0.249139 AND keep_alive_session > 0.5,0,0.1571285407454591,5140,16,5124,0.0031128404669260703,0.9968871595330739,0.011339475549255847,0.0434561367799715,False
4,current_address_months_count <= 44.5 AND prev_address_months_count <= 2 AND credit_risk_score > 132.5 AND has_other_cards <= 0.5 AND keep_alive_session <= 0.5,0,0.6917806279396388,2614,43,2571,0.016449885233358837,0.9835501147666411,0.03047484053862509,0.021804396499084062,False
5,current_address_months_count <= 44.5 AND prev_address_months_count <= 2 AND credit_risk_score > 132.5 AND has_other_cards <= 0.5 AND keep_alive_session > 0.5,1,0.4622844405929368,4193,36,4157,0.008585738134986884,0.9914142618650131,0.025513819985825654,0.035255105502408575,False
6,current_address_months_count <= 44.5 AND prev_address_months_count <= 2 AND credit_risk_score > 132.5 AND has_other_cards > 0.5 AND days_since_request <= 0.514917,0,0.1883385926223959,3379,11,3368,0.0032554010062148565,0.9967445989937851,0.007795889440113395,0.028563674604790014,False
7,current_address_months_count <= 44.5 AND prev_address_months_count <= 2 AND credit_risk_score > 132.5 AND has_other_cards > 0.5 AND days_since_request > 0.514917,0,0.7173200788198008,71,0,71,0.0,1.0,0.0,0.0006021439717755615,False
8,current_address_months_count <= 44.5 AND prev_address_months_count > 2 AND credit_risk_score <= 213.5 AND device_distinct_emails_8w <= 1.5 AND name_email_similarity <= 0.184273,0,0.24809717078965082,3482,11,3471,0.0031591039632395176,0.9968408960367605,0.007795889440113395,0.029437207408915124,False
9,current_address_months_count <= 44.5 AND prev_address_months_count > 2 AND credit_risk_score <= 213.5 AND device_distinct_emails_8w <= 1.5 AND name_email_similarity > 0.184273,0,0.10728370334437605,12999,15,12984,0.0011539349180706207,0.9988460650819294,0.010630758327427357,0.11011601872582943,False
10,current_address_months_count <= 44.5 AND prev_address_months_count > 2 AND credit_risk_score <= 213.5 AND device_distinct_emails_8w > 1.5 AND income <= 0.75,1,0.30906361154215234,159,2,157,0.012578616352201259,0.9874213836477987,0.001417434443656981,0.001331501458714974,False
11,current_address_months_count <= 44.5 AND prev_address_months_count > 2 AND credit_risk_score <= 213.5 AND device_distinct_emails_8w > 1.5 AND income > 0.75,1,0.6623226432468232,77,6,71,0.07792207792207792,0.922077922077922,0.004252303330970942,0.0006021439717755615,False
12,current_address_months_count <= 44.5 AND prev_address_months_count > 2 AND credit_risk_score > 213.5 AND keep_alive_session <= 0.5 AND customer_age <= 25,0,0.217529411994247,267,2,265,0.00749063670411985,0.9925093632958801,0.001417434443656981,0.002247438767894701,False
13,current_address_months_count <= 44.5 AND prev_address_months_count > 2 AND credit_risk_score > 213.5 AND keep_alive_session <= 0.5 AND customer_age > 25,0,0.6155415421693714,612,11,601,0.017973856209150325,0.9820261437908496,0.007795889440113395,0.005097021507564963,False
14,current_address_months_count <= 44.5 AND prev_address_months_count > 2 AND credit_risk_score > 213.5 AND keep_alive_session > 0.5 AND has_other_cards <= 0.5,0,0.36684863947617663,1003,5,998,0.004985044865403789,0.9950149551345963,0.003543586109142452,0.008463939208901554,False
15,current_address_months_count <= 44.5 AND prev_address_months_count > 2 AND credit_risk_score > 213.5 AND keep_alive_session > 0.5 AND has_other_cards > 0.5,1,0.0,302,1,301,0.0033112582781456954,0.9966887417218543,0.0007087172218284905,0.0025527512042879436,False
16,current_address_months_count > 44.5 AND credit_risk_score <= 198.5 AND keep_alive_session <= 0.5 AND has_other_cards <= 0.5 AND name_email_similarity <= 0.280921,1,0.7663297632585856,7058,237,6821,0.03357891754037971,0.9664210824596203,0.16796598157335224,0.057848225795508516,False
17,current_address_months_count > 44.5 AND credit_risk_score <= 198.5 AND keep_alive_session <= 0.5 AND has_other_cards <= 0.5 AND name_email_similarity > 0.280921,1,0.5825538254209005,10450,123,10327,0.011770334928229665,0.9882296650717703,0.08717221828490432,0.08758226473980596,False
18,current_address_months_count > 44.5 AND credit_risk_score <= 198.5 AND keep_alive_session <= 0.5 AND has_other_cards > 0.5 AND income <= 0.85,0,0.2856754803689889,5774,24,5750,0.004156563907170073,0.9958434360928299,0.01700921332388377,0.048765180812809554,False
19,current_address_months_count > 44.5 AND credit_risk_score <= 198.5 AND keep_alive_session <= 0.5 AND has_other_cards > 0.5 AND income > 0.85,0,0.5471025581885844,1927,16,1911,0.008303061754021795,0.9916969382459782,0.011339475549255847,0.01620700183187462,False
20,current_address_months_count > 44.5 AND credit_risk_score <= 198.5 AND keep_alive_session > 0.5 AND name_email_similarity <= 0.207974 AND has_other_cards <= 0.5,0,0.5830005790642759,6188,94,6094,0.015190691661279896,0.9848093083387202,0.0666194188518781,0.0516826107605672,False
21,current_address_months_count > 44.5 AND credit_risk_score <= 198.5 AND keep_alive_session > 0.5 AND name_email_similarity <= 0.207974 AND has_other_cards > 0.5,0,0.27012858250719995,2075,10,2065,0.004819277108433735,0.9951807228915662,0.007087172218284904,0.017513060587556823,False
22,current_address_months_count > 44.5 AND credit_risk_score <= 198.5 AND keep_alive_session > 0.5 AND name_email_similarity > 0.207974 AND income <= 0.75,1,0.24819674951543055,18067,70,17997,0.0038744672607516468,0.9961255327392483,0.04961020552799433,0.15263077549358844,False
23,current_address_months_count > 44.5 AND credit_risk_score <= 198.5 AND keep_alive_session > 0.5 AND name_email_similarity > 0.207974 AND income > 0.75,0,0.44665647850116036,8834,70,8764,0.00792393026941363,0.9920760697305864,0.04961020552799433,0.07432661645973268,False
24,current_address_months_count > 44.5 AND credit_risk_score > 198.5 AND has_other_cards <= 0.5 AND keep_alive_session <= 0.5 AND intended_balcon_amount <= 0.647986,1,0.8884408445843173,3808,274,3534,0.07195378151260504,0.928046218487395,0.19418851878100638,0.029971504172603296,False
25,current_address_months_count > 44.5 AND credit_risk_score > 198.5 AND has_other_cards <= 0.5 AND keep_alive_session <= 0.5 AND intended_balcon_amount > 0.647986,0,0.7221228186219599,720,15,705,0.020833333333333332,0.9791666666666666,0.010630758327427357,0.005979035212700997,False
26,current_address_months_count > 44.5 AND credit_risk_score > 198.5 AND has_other_cards <= 0.5 AND keep_alive_session > 0.5 AND credit_risk_score <= 255.5,0,0.634570515784237,4530,96,4434,0.02119205298013245,0.9788079470198675,0.06803685329553508,0.03760431508243436,False
27,current_address_months_count > 44.5 AND credit_risk_score > 198.5 AND has_other_cards <= 0.5 AND keep_alive_session > 0.5 AND credit_risk_score > 255.5,0,0.805323085609362,1974,92,1882,0.04660587639311044,0.9533941236068896,0.06520198440822111,0.01596105570255784,False
28,current_address_months_count > 44.5 AND credit_risk_score > 198.5 AND has_other_cards > 0.5 AND keep_alive_session <= 0.5 AND income <= 0.65,0,0.41637258896448137,1033,11,1022,0.010648596321393998,0.989351403678606,0.007795889440113395,0.008667480833163715,False
29,current_address_months_count > 44.5 AND credit_risk_score > 198.5 AND has_other_cards > 0.5 AND keep_alive_session <= 0.5 AND income > 0.65,0,0.6825779224913879,1821,41,1780,0.022515101592531575,0.9774848984074684,0.029057406094968107,0.015096003799443652,False
30,current_address_months_count > 44.5 AND credit_risk_score > 198.5 AND has_other_cards > 0.5 AND keep_alive_session > 0.5 AND date_of_birth_distinct_emails_4w <= 9.5,0,0.39419949433775864,2188,16,2172,0.007312614259597806,0.9926873857404022,0.011339475549255847,0.018420516995725625,False
31,current_address_months_count > 44.5 AND credit_risk_score > 198.5 AND has_other_cards > 0.5 AND keep_alive_session > 0.5 AND date_of_birth_distinct_emails_4w > 9.5,1,0.06788852925000206,1005,5,1000,0.004975124378109453,0.9950248756218906,0.003543586109142452,0.0084809010109234,False
