housing_status,n_with_housing,fraud_count_with_housing,legitimate_count_with_housing,fraud_rate_with_housing,alert_count_with_housing,alert_rate_with_housing,precision_with_housing,recall_tpr_with_housing,fpr_with_housing,fnr_with_housing,tn_with_housing,fp_with_housing,fn_with_housing,tp_with_housing,small_group_warning_with_housing,model_with_housing,model_family,feature_policy_with_housing,split,threshold_policy,threshold_with_housing,n_without_housing,fraud_count_without_housing,legitimate_count_without_housing,fraud_rate_without_housing,alert_count_without_housing,alert_rate_without_housing,precision_without_housing,recall_tpr_without_housing,fpr_without_housing,fnr_without_housing,tn_without_housing,fp_without_housing,fn_without_housing,tp_without_housing,small_group_warning_without_housing,model_without_housing,feature_policy_without_housing,threshold_without_housing,alert_rate_delta_with_minus_without,precision_delta_with_minus_without,recall_tpr_delta_with_minus_without,fpr_delta_with_minus_without,fnr_delta_with_minus_without
BB,33162,222,32940,0.006694409263614981,3497,0.10545202340027743,0.037460680583357164,0.5900900900900901,0.10218579234972677,0.4099099099099099,29574,3366,91,131,False,CatBoost | with_housing_status,CatBoost,with_housing_status,validation,default_0_50,0.5,33162,222,32940,0.006694409263614981,5286,0.15939931246607564,0.029322739311388575,0.6981981981981982,0.15576806314511232,0.30180180180180183,27809,5131,67,155,False,CatBoost | without_housing_status,without_housing_status,0.5,-0.05394728906579821,0.00813794127196859,-0.10810810810810811,-0.05358227079538555,0.10810810810810806
BC,32762,229,32533,0.006989805262194005,3086,0.09419449362065808,0.04504212572909916,0.6069868995633187,0.09058494451787416,0.3930131004366812,29586,2947,90,139,False,CatBoost | with_housing_status,CatBoost,with_housing_status,validation,default_0_50,0.5,32762,229,32533,0.006989805262194005,4135,0.1262132958915817,0.03675937122128174,0.6637554585152838,0.12242953308947838,0.33624454148471616,28550,3983,77,152,False,CatBoost | without_housing_status,without_housing_status,0.5,-0.032018802270923616,0.008282754507817416,-0.05676855895196509,-0.031844588571604215,0.05676855895196503
BA,20718,887,19831,0.04281301283907713,10002,0.4827686070083985,0.07908418316336732,0.8917700112739572,0.4644748121627755,0.10822998872604284,10620,9211,96,791,False,CatBoost | with_housing_status,CatBoost,with_housing_status,validation,default_0_50,0.5,20718,887,19831,0.04281301283907713,7867,0.37971811950960516,0.09406381085547223,0.8342728297632469,0.3593868186173163,0.1657271702367531,12704,7127,147,740,False,CatBoost | without_housing_status,without_housing_status,0.5,0.10305048749879336,-0.01497962769210491,0.05749718151071026,0.10508799354545917,-0.05749718151071026
BE,17599,84,17515,0.0047729984658219215,982,0.055798624921870564,0.032586558044806514,0.38095238095238093,0.054239223522694835,0.6190476190476191,16565,950,52,32,False,CatBoost | with_housing_status,CatBoost,with_housing_status,validation,default_0_50,0.5,17599,84,17515,0.0047729984658219215,1957,0.11119949997158929,0.025549310168625446,0.5952380952380952,0.10887810448187268,0.40476190476190477,15608,1907,34,50,False,CatBoost | without_housing_status,without_housing_status,0.5,-0.055400875049718724,0.007037247876181069,-0.2142857142857143,-0.05463888095917785,0.2142857142857143
BD,3727,28,3699,0.007512744834987926,657,0.176281191306681,0.030441400304414,0.7142857142857143,0.17220870505542038,0.2857142857142857,3062,637,8,20,False,CatBoost | with_housing_status,CatBoost,with_housing_status,validation,default_0_50,0.5,3727,28,3699,0.007512744834987926,657,0.176281191306681,0.0289193302891933,0.6785714285714286,0.17247904839145714,0.32142857142857145,3061,638,9,19,False,CatBoost | without_housing_status,without_housing_status,0.5,0.0,0.0015220700152207,0.0357142857142857,-0.0002703433360367602,-0.035714285714285754
BF,176,0,176,0.0,26,0.14772727272727273,0.0,,0.14772727272727273,,150,26,0,0,True,CatBoost | with_housing_status,CatBoost,with_housing_status,validation,default_0_50,0.5,176,0,176,0.0,30,0.17045454545454544,0.0,,0.17045454545454544,,146,30,0,0,True,CatBoost | without_housing_status,without_housing_status,0.5,-0.022727272727272707,0.0,,-0.022727272727272707,
BG,24,0,24,0.0,4,0.16666666666666666,0.0,,0.16666666666666666,,20,4,0,0,True,CatBoost | with_housing_status,CatBoost,with_housing_status,validation,default_0_50,0.5,24,0,24,0.0,4,0.16666666666666666,0.0,,0.16666666666666666,,20,4,0,0,True,CatBoost | without_housing_status,without_housing_status,0.5,0.0,0.0,,0.0,
BB,33162,222,32940,0.006694409263614981,694,0.020927567697967553,0.08213256484149856,0.25675675675675674,0.01933819064966606,0.7432432432432432,32303,637,165,57,False,CatBoost | with_housing_status,CatBoost,with_housing_status,validation,valid_global_5pct_fpr,0.7584774474715957,33162,222,32940,0.006694409263614981,1336,0.04028707556842169,0.05913173652694611,0.35585585585585583,0.03816029143897996,0.6441441441441441,31683,1257,143,79,False,CatBoost | without_housing_status,without_housing_status,0.7590023405894702,-0.019359507870454137,0.023000828314552448,-0.09909909909909909,-0.018822100789313904,0.09909909909909909
BC,32762,229,32533,0.006989805262194005,673,0.020542091447408584,0.08915304606240713,0.26200873362445415,0.018842406172194386,0.7379912663755459,31920,613,169,60,False,CatBoost | with_housing_status,CatBoost,with_housing_status,validation,valid_global_5pct_fpr,0.7584774474715957,32762,229,32533,0.006989805262194005,1011,0.0308589219217386,0.08506429277942631,0.37554585152838427,0.028432668367503765,0.6244541484716157,31608,925,143,86,False,CatBoost | without_housing_status,without_housing_status,0.7590023405894702,-0.010316830474330015,0.00408875328298082,-0.11353711790393012,-0.009590262195309378,0.11353711790393017
BA,20718,887,19831,0.04281301283907713,4458,0.21517520996235157,0.13817855540601168,0.6944757609921083,0.19373707831173415,0.3055242390078918,15989,3842,271,616,False,CatBoost | with_housing_status,CatBoost,with_housing_status,validation,valid_global_5pct_fpr,0.7584774474715957,20718,887,19831,0.04281301283907713,3166,0.15281397818322232,0.16361339229311433,0.5839909808342728,0.13352831425545864,0.4160090191657272,17183,2648,369,518,False,CatBoost | without_housing_status,without_housing_status,0.7590023405894702,0.06236123177912925,-0.025434836887102658,0.11048478015783547,0.06020876405627551,-0.11048478015783542
BE,17599,84,17515,0.0047729984658219215,102,0.005795783851355191,0.08823529411764706,0.10714285714285714,0.005309734513274336,0.8928571428571429,17422,93,75,9,False,CatBoost | with_housing_status,CatBoost,with_housing_status,validation,valid_global_5pct_fpr,0.7584774474715957,17599,84,17515,0.0047729984658219215,338,0.019205636683902495,0.05325443786982249,0.21428571428571427,0.018270054239223524,0.7857142857142857,17195,320,66,18,False,CatBoost | without_housing_status,without_housing_status,0.7590023405894702,-0.013409852832547305,0.03498085624782458,-0.10714285714285714,-0.012960319725949188,0.1071428571428572
BD,3727,28,3699,0.007512744834987926,144,0.03863697343708076,0.06944444444444445,0.35714285714285715,0.036226007028926734,0.6428571428571429,3565,134,18,10,False,CatBoost | with_housing_status,CatBoost,with_housing_status,validation,valid_global_5pct_fpr,0.7584774474715957,3727,28,3699,0.007512744834987926,181,0.04856452911188624,0.055248618784530384,0.35714285714285715,0.046228710462287104,0.6428571428571429,3528,171,18,10,False,CatBoost | without_housing_status,without_housing_status,0.7590023405894702,-0.00992755567480548,0.014195825659914063,0.0,-0.01000270343336037,0.0
BF,176,0,176,0.0,8,0.045454545454545456,0.0,,0.045454545454545456,,168,8,0,0,True,CatBoost | with_housing_status,CatBoost,with_housing_status,validation,valid_global_5pct_fpr,0.7584774474715957,176,0,176,0.0,5,0.028409090909090908,0.0,,0.028409090909090908,,171,5,0,0,True,CatBoost | without_housing_status,without_housing_status,0.7590023405894702,0.017045454545454548,0.0,,0.017045454545454548,
BG,24,0,24,0.0,3,0.125,0.0,,0.125,,21,3,0,0,True,CatBoost | with_housing_status,CatBoost,with_housing_status,validation,valid_global_5pct_fpr,0.7584774474715957,24,0,24,0.0,2,0.08333333333333333,0.0,,0.08333333333333333,,22,2,0,0,True,CatBoost | without_housing_status,without_housing_status,0.7590023405894702,0.04166666666666667,0.0,,0.04166666666666667,
BC,37502,266,37236,0.007092955042397739,2503,0.06674310703429151,0.055533359968038355,0.5225563909774437,0.06348694811472769,0.4774436090225564,34872,2364,127,139,False,CatBoost | with_housing_status,CatBoost,with_housing_status,test,default_0_50,0.5,37502,266,37236,0.007092955042397739,3235,0.08626206602314543,0.04544049459041731,0.5526315789473685,0.08293049736813836,0.4473684210526316,34148,3088,119,147,False,CatBoost | without_housing_status,without_housing_status,0.5,-0.01951895898885392,0.010092865377621045,-0.03007518796992481,-0.019443549253410672,0.03007518796992481
BB,23213,166,23047,0.007151165295308663,1925,0.08292766984017576,0.04831168831168831,0.5602409638554217,0.0794897383607411,0.4397590361445783,21215,1832,73,93,False,CatBoost | with_housing_status,CatBoost,with_housing_status,test,default_0_50,0.5,23213,166,23047,0.007151165295308663,2926,0.12605005815706716,0.036568694463431306,0.6445783132530121,0.12231526879854211,0.35542168674698793,20228,2819,59,107,False,CatBoost | without_housing_status,without_housing_status,0.5,-0.0431223883168914,0.011742993848257006,-0.08433734939759041,-0.04282553043780102,0.08433734939759036
BA,19182,899,18283,0.04686685434261287,8220,0.4285267438223334,0.09549878345498783,0.8731924360400445,0.406661926379697,0.12680756395995552,10848,7435,114,785,False,CatBoost | with_housing_status,CatBoost,with_housing_status,test,default_0_50,0.5,19182,899,18283,0.04686685434261287,6252,0.32593055989990616,0.11468330134357006,0.7975528364849833,0.30274025050593445,0.20244716351501668,12748,5535,182,717,False,CatBoost | without_housing_status,without_housing_status,0.5,0.10259618392242725,-0.019184517888582234,0.07563959955506117,0.10392167587376255,-0.07563959955506117
BE,12327,54,12273,0.004380627889997567,511,0.04145371947756956,0.0273972602739726,0.25925925925925924,0.04049539639859855,0.7407407407407407,11776,497,40,14,False,CatBoost | with_housing_status,CatBoost,with_housing_status,test,default_0_50,0.5,12327,54,12273,0.004380627889997567,1078,0.08745031232254401,0.022263450834879406,0.4444444444444444,0.0858795730465249,0.5555555555555556,11219,1054,30,24,False,CatBoost | without_housing_status,without_housing_status,0.5,-0.04599659284497445,0.005133809439093195,-0.18518518518518517,-0.04538417664792634,0.18518518518518512
BD,4478,42,4436,0.009379187137114784,600,0.13398838767306834,0.043333333333333335,0.6190476190476191,0.12939585211902616,0.38095238095238093,3862,574,16,26,False,CatBoost | with_housing_status,CatBoost,with_housing_status,test,default_0_50,0.5,4478,42,4436,0.009379187137114784,546,0.12192943278249219,0.05128205128205128,0.6666666666666666,0.11677186654643823,0.3333333333333333,3918,518,14,28,False,CatBoost | without_housing_status,without_housing_status,0.5,0.012058954890576151,-0.007948717948717945,-0.04761904761904756,0.012623985572587926,0.047619047619047616
BF,135,1,134,0.007407407407407408,15,0.1111111111111111,0.06666666666666667,1.0,0.1044776119402985,0.0,120,14,0,1,True,CatBoost | with_housing_status,CatBoost,with_housing_status,test,default_0_50,0.5,135,1,134,0.007407407407407408,12,0.08888888888888889,0.08333333333333333,1.0,0.08208955223880597,0.0,123,11,0,1,True,CatBoost | without_housing_status,without_housing_status,0.5,0.022222222222222213,-0.016666666666666663,0.0,0.022388059701492533,0.0
BG,6,0,6,0.0,0,0.0,,,0.0,,6,0,0,0,True,CatBoost | with_housing_status,CatBoost,with_housing_status,test,default_0_50,0.5,6,0,6,0.0,0,0.0,,,0.0,,6,0,0,0,True,CatBoost | without_housing_status,without_housing_status,0.5,0.0,,,0.0,
BC,37502,266,37236,0.007092955042397739,441,0.011759372833448883,0.15192743764172337,0.2518796992481203,0.010044043398861316,0.7481203007518797,36862,374,199,67,False,CatBoost | with_housing_status,CatBoost,with_housing_status,test,valid_global_5pct_fpr,0.7584774474715957,37502,266,37236,0.007092955042397739,706,0.018825662631326328,0.11331444759206799,0.3007518796992481,0.016811687614136858,0.6992481203007519,36610,626,186,80,False,CatBoost | without_housing_status,without_housing_status,0.7590023405894702,-0.007066289797877445,0.03861299004965538,-0.04887218045112779,-0.006767644215275542,0.048872180451127845
BB,23213,166,23047,0.007151165295308663,371,0.015982423641924783,0.1320754716981132,0.29518072289156627,0.0139714496463748,0.7048192771084337,22725,322,117,49,False,CatBoost | with_housing_status,CatBoost,with_housing_status,test,valid_global_5pct_fpr,0.7584774474715957,23213,166,23047,0.007151165295308663,672,0.02894929565329772,0.09523809523809523,0.3855421686746988,0.026380873866446827,0.6144578313253012,22439,608,102,64,False,CatBoost | without_housing_status,without_housing_status,0.7590023405894702,-0.012966872011372938,0.03683737646001797,-0.09036144578313254,-0.012409424220072027,0.09036144578313254
BA,19182,899,18283,0.04686685434261287,3480,0.18142008132624335,0.16551724137931034,0.6407119021134594,0.15883607723021387,0.3592880978865406,15379,2904,323,576,False,CatBoost | with_housing_status,CatBoost,with_housing_status,test,valid_global_5pct_fpr,0.7584774474715957,19182,899,18283,0.04686685434261287,2401,0.12516942967365238,0.20366513952519782,0.5439377085650723,0.10457802330033364,0.4560622914349277,16371,1912,410,489,False,CatBoost | without_housing_status,without_housing_status,0.7590023405894702,0.056250651652590966,-0.03814789814588748,0.09677419354838712,0.05425805392988023,-0.09677419354838712
BE,12327,54,12273,0.004380627889997567,53,0.004299505151293907,0.1320754716981132,0.12962962962962962,0.0037480648578179744,0.8703703703703703,12227,46,47,7,False,CatBoost | with_housing_status,CatBoost,with_housing_status,test,valid_global_5pct_fpr,0.7584774474715957,12327,54,12273,0.004380627889997567,198,0.01606230226332441,0.03535353535353535,0.12962962962962962,0.015562617127026807,0.8703703703703703,12082,191,47,7,False,CatBoost | without_housing_status,without_housing_status,0.7590023405894702,-0.011762797112030505,0.09672193634457785,0.0,-0.011814552269208831,0.0
BD,4478,42,4436,0.009379187137114784,131,0.02925413130861992,0.1297709923664122,0.40476190476190477,0.02569882777276826,0.5952380952380952,4322,114,25,17,False,CatBoost | with_housing_status,CatBoost,with_housing_status,test,valid_global_5pct_fpr,0.7584774474715957,4478,42,4436,0.009379187137114784,149,0.03327378293881197,0.11409395973154363,0.40476190476190477,0.029756537421100092,0.5952380952380952,4304,132,25,17,False,CatBoost | without_housing_status,without_housing_status,0.7590023405894702,-0.004019651630192047,0.015677032634868582,0.0,-0.004057709648331832,0.0
BF,135,1,134,0.007407407407407408,2,0.014814814814814815,0.5,1.0,0.007462686567164179,0.0,133,1,0,1,True,CatBoost | with_housing_status,CatBoost,with_housing_status,test,valid_global_5pct_fpr,0.7584774474715957,135,1,134,0.007407407407407408,1,0.007407407407407408,1.0,1.0,0.0,0.0,134,0,0,1,True,CatBoost | without_housing_status,without_housing_status,0.7590023405894702,0.007407407407407408,-0.5,0.0,0.007462686567164179,0.0
BG,6,0,6,0.0,0,0.0,,,0.0,,6,0,0,0,True,CatBoost | with_housing_status,CatBoost,with_housing_status,test,valid_global_5pct_fpr,0.7584774474715957,6,0,6,0.0,0,0.0,,,0.0,,6,0,0,0,True,CatBoost | without_housing_status,without_housing_status,0.7590023405894702,0.0,,,0.0,
BB,33162,222,32940,0.006694409263614981,6,0.0001809299800977022,0.5,0.013513513513513514,9.107468123861566e-05,0.9864864864864865,32937,3,219,3,False,XGBoost focal | with_housing_status,XGBoost focal,with_housing_status,validation,default_0_50,0.5,33162,222,32940,0.006694409263614981,34,0.0010252698872203125,0.29411764705882354,0.04504504504504504,0.0007285974499089253,0.954954954954955,32916,24,212,10,False,XGBoost focal | without_housing_status,without_housing_status,0.5,-0.0008443399071226103,0.20588235294117646,-0.03153153153153153,-0.0006375227686703097,0.03153153153153154
BC,32762,229,32533,0.006989805262194005,5,0.00015261583541908308,0.4,0.008733624454148471,9.221405957028249e-05,0.9912663755458515,32530,3,227,2,False,XGBoost focal | with_housing_status,XGBoost focal,with_housing_status,validation,default_0_50,0.5,32762,229,32533,0.006989805262194005,34,0.0010377876808497649,0.3235294117647059,0.048034934497816595,0.000706974456705499,0.9519650655021834,32510,23,218,11,False,XGBoost focal | without_housing_status,without_housing_status,0.5,-0.0008851718454306818,0.07647058823529412,-0.039301310043668124,-0.0006147603971352165,0.0393013100436681
BA,20718,887,19831,0.04281301283907713,443,0.021382372815908872,0.36794582392776526,0.18376550169109357,0.014119308153900459,0.8162344983089064,19551,280,724,163,False,XGBoost focal | with_housing_status,XGBoost focal,with_housing_status,validation,default_0_50,0.5,20718,887,19831,0.04281301283907713,221,0.010667052804324742,0.46153846153846156,0.11499436302142052,0.006000705965407695,0.8850056369785795,19712,119,785,102,False,XGBoost focal | without_housing_status,without_housing_status,0.5,0.01071532001158413,-0.0935926376106963,0.06877113866967305,0.008118602188492764,-0.0687711386696731
BE,17599,84,17515,0.0047729984658219215,0,0.0,,0.0,0.0,1.0,17515,0,84,0,False,XGBoost focal | with_housing_status,XGBoost focal,with_housing_status,validation,default_0_50,0.5,17599,84,17515,0.0047729984658219215,4,0.0002272856412296153,0.25,0.011904761904761904,0.00017128175849272052,0.9880952380952381,17512,3,83,1,False,XGBoost focal | without_housing_status,without_housing_status,0.5,-0.0002272856412296153,,-0.011904761904761904,-0.00017128175849272052,0.011904761904761862
BD,3727,28,3699,0.007512744834987926,0,0.0,,0.0,0.0,1.0,3699,0,28,0,False,XGBoost focal | with_housing_status,XGBoost focal,with_housing_status,validation,default_0_50,0.5,3727,28,3699,0.007512744834987926,2,0.0005366246310705661,0.0,0.0,0.0005406866720735334,1.0,3697,2,28,0,False,XGBoost focal | without_housing_status,without_housing_status,0.5,-0.0005366246310705661,,0.0,-0.0005406866720735334,0.0
BF,176,0,176,0.0,0,0.0,,,0.0,,176,0,0,0,True,XGBoost focal | with_housing_status,XGBoost focal,with_housing_status,validation,default_0_50,0.5,176,0,176,0.0,0,0.0,,,0.0,,176,0,0,0,True,XGBoost focal | without_housing_status,without_housing_status,0.5,0.0,,,0.0,
BG,24,0,24,0.0,0,0.0,,,0.0,,24,0,0,0,True,XGBoost focal | with_housing_status,XGBoost focal,with_housing_status,validation,default_0_50,0.5,24,0,24,0.0,0,0.0,,,0.0,,24,0,0,0,True,XGBoost focal | without_housing_status,without_housing_status,0.5,0.0,,,0.0,
BB,33162,222,32940,0.006694409263614981,394,0.011881068693082444,0.11421319796954314,0.20270270270270271,0.010595021250758955,0.7972972972972973,32591,349,177,45,False,XGBoost focal | with_housing_status,XGBoost focal,with_housing_status,validation,valid_global_5pct_fpr,0.31131017208099365,33162,222,32940,0.006694409263614981,1347,0.04061878053193414,0.06384558277654045,0.38738738738738737,0.03828172434729812,0.6126126126126126,31679,1261,136,86,False,XGBoost focal | without_housing_status,without_housing_status,0.30946120619773865,-0.0287377118388517,0.05036761519300269,-0.18468468468468466,-0.027686703096539162,0.18468468468468469
BC,32762,229,32533,0.006989805262194005,437,0.013338624015627862,0.10068649885583524,0.19213973799126638,0.012080041803707005,0.8078602620087336,32140,393,185,44,False,XGBoost focal | with_housing_status,XGBoost focal,with_housing_status,validation,valid_global_5pct_fpr,0.31131017208099365,32762,229,32533,0.006989805262194005,1028,0.03137781576216348,0.07782101167315175,0.34934497816593885,0.029139642824209264,0.6506550218340611,31585,948,149,80,False,XGBoost focal | without_housing_status,without_housing_status,0.30946120619773865,-0.01803919174653562,0.022865487182683483,-0.15720524017467247,-0.01705960102050226,0.15720524017467252
BA,20718,887,19831,0.04281301283907713,5067,0.24456993918331885,0.12749161239392146,0.7282976324689966,0.2229337905299783,0.2717023675310034,15410,4421,241,646,False,XGBoost focal | with_housing_status,XGBoost focal,with_housing_status,validation,valid_global_5pct_fpr,0.31131017208099365,20718,887,19831,0.04281301283907713,3095,0.14938700646780578,0.16445880452342487,0.5738444193912063,0.13040189602138066,0.42615558060879366,17245,2586,378,509,False,XGBoost focal | without_housing_status,without_housing_status,0.30946120619773865,0.09518293271551306,-0.03696719212950342,0.15445321307779025,0.09253189450859764,-0.15445321307779025
BE,17599,84,17515,0.0047729984658219215,68,0.0038638559009034606,0.08823529411764706,0.07142857142857142,0.0035398230088495575,0.9285714285714286,17453,62,78,6,False,XGBoost focal | with_housing_status,XGBoost focal,with_housing_status,validation,valid_global_5pct_fpr,0.31131017208099365,17599,84,17515,0.0047729984658219215,381,0.021648957327120858,0.05774278215223097,0.2619047619047619,0.02049671709962889,0.7380952380952381,17156,359,62,22,False,XGBoost focal | without_housing_status,without_housing_status,0.30946120619773865,-0.0177851014262174,0.030492511965416094,-0.1904761904761905,-0.016956894090779332,0.19047619047619047
BD,3727,28,3699,0.007512744834987926,113,0.030319291655486986,0.07079646017699115,0.2857142857142857,0.028386050283860504,0.7142857142857143,3594,105,20,8,False,XGBoost focal | with_housing_status,XGBoost focal,with_housing_status,validation,valid_global_5pct_fpr,0.31131017208099365,3727,28,3699,0.007512744834987926,172,0.046149718272068686,0.06395348837209303,0.39285714285714285,0.04352527710191944,0.6071428571428571,3538,161,17,11,False,XGBoost focal | without_housing_status,without_housing_status,0.30946120619773865,-0.0158304266165817,0.006842971804898124,-0.10714285714285715,-0.015139226818058935,0.1071428571428572
BF,176,0,176,0.0,4,0.022727272727272728,0.0,,0.022727272727272728,,172,4,0,0,True,XGBoost focal | with_housing_status,XGBoost focal,with_housing_status,validation,valid_global_5pct_fpr,0.31131017208099365,176,0,176,0.0,5,0.028409090909090908,0.0,,0.028409090909090908,,171,5,0,0,True,XGBoost focal | without_housing_status,without_housing_status,0.30946120619773865,-0.00568181818181818,0.0,,-0.00568181818181818,
BG,24,0,24,0.0,1,0.041666666666666664,0.0,,0.041666666666666664,,23,1,0,0,True,XGBoost focal | with_housing_status,XGBoost focal,with_housing_status,validation,valid_global_5pct_fpr,0.31131017208099365,24,0,24,0.0,2,0.08333333333333333,0.0,,0.08333333333333333,,22,2,0,0,True,XGBoost focal | without_housing_status,without_housing_status,0.30946120619773865,-0.041666666666666664,0.0,,-0.041666666666666664,
BC,37502,266,37236,0.007092955042397739,4,0.000106660978081169,0.75,0.011278195488721804,2.6855731012998174e-05,0.9887218045112782,37235,1,263,3,False,XGBoost focal | with_housing_status,XGBoost focal,with_housing_status,test,default_0_50,0.5,37502,266,37236,0.007092955042397739,25,0.0006666311130073063,0.44,0.041353383458646614,0.0003759802341819744,0.9586466165413534,37222,14,255,11,False,XGBoost focal | without_housing_status,without_housing_status,0.5,-0.0005599701349261373,0.31,-0.03007518796992481,-0.00034912450316897624,0.03007518796992481
BB,23213,166,23047,0.007151165295308663,3,0.00012923792702365053,0.6666666666666666,0.012048192771084338,4.3389595175077016e-05,0.9879518072289156,23046,1,164,2,False,XGBoost focal | with_housing_status,XGBoost focal,with_housing_status,test,default_0_50,0.5,23213,166,23047,0.007151165295308663,34,0.0014646965062680396,0.35294117647058826,0.07228915662650602,0.0009545710938516944,0.927710843373494,23025,22,154,12,False,XGBoost focal | without_housing_status,without_housing_status,0.5,-0.001335458579244389,0.31372549019607837,-0.060240963855421686,-0.0009111814986766174,0.06024096385542166
BA,19182,899,18283,0.04686685434261287,345,0.017985611510791366,0.42318840579710143,0.16240266963292546,0.0108844281573046,0.8375973303670745,18084,199,753,146,False,XGBoost focal | with_housing_status,XGBoost focal,with_housing_status,test,default_0_50,0.5,19182,899,18283,0.04686685434261287,182,0.009488061724533417,0.45054945054945056,0.09121245828698554,0.005469561888092764,0.9087875417130145,18183,100,817,82,False,XGBoost focal | without_housing_status,without_housing_status,0.5,0.00849754978625795,-0.02736104475234913,0.07119021134593992,0.005414866269211836,-0.07119021134593995
BE,12327,54,12273,0.004380627889997567,0,0.0,,0.0,0.0,1.0,12273,0,54,0,False,XGBoost focal | with_housing_status,XGBoost focal,with_housing_status,test,default_0_50,0.5,12327,54,12273,0.004380627889997567,5,0.0004056136935182932,0.2,0.018518518518518517,0.00032591868328851953,0.9814814814814815,12269,4,53,1,False,XGBoost focal | without_housing_status,without_housing_status,0.5,-0.0004056136935182932,,-0.018518518518518517,-0.00032591868328851953,0.01851851851851849
BD,4478,42,4436,0.009379187137114784,0,0.0,,0.0,0.0,1.0,4436,0,42,0,False,XGBoost focal | with_housing_status,XGBoost focal,with_housing_status,test,default_0_50,0.5,4478,42,4436,0.009379187137114784,1,0.00022331397945511388,0.0,0.0,0.0002254283137962128,1.0,4435,1,42,0,False,XGBoost focal | without_housing_status,without_housing_status,0.5,-0.00022331397945511388,,0.0,-0.0002254283137962128,0.0
BF,135,1,134,0.007407407407407408,0,0.0,,0.0,0.0,1.0,134,0,1,0,True,XGBoost focal | with_housing_status,XGBoost focal,with_housing_status,test,default_0_50,0.5,135,1,134,0.007407407407407408,0,0.0,,0.0,0.0,1.0,134,0,1,0,True,XGBoost focal | without_housing_status,without_housing_status,0.5,0.0,,0.0,0.0,0.0
BG,6,0,6,0.0,0,0.0,,,0.0,,6,0,0,0,True,XGBoost focal | with_housing_status,XGBoost focal,with_housing_status,test,default_0_50,0.5,6,0,6,0.0,0,0.0,,,0.0,,6,0,0,0,True,XGBoost focal | without_housing_status,without_housing_status,0.5,0.0,,,0.0,
BC,37502,266,37236,0.007092955042397739,313,0.008346221534851475,0.1853035143769968,0.21804511278195488,0.006848211408314534,0.7819548872180451,36981,255,208,58,False,XGBoost focal | with_housing_status,XGBoost focal,with_housing_status,test,valid_global_5pct_fpr,0.31131017208099365,37502,266,37236,0.007092955042397739,743,0.019812276678577143,0.11843876177658143,0.3308270676691729,0.017590503813513805,0.6691729323308271,36581,655,178,88,False,XGBoost focal | without_housing_status,without_housing_status,0.30946120619773865,-0.011466055143725668,0.06686475260041537,-0.11278195488721804,-0.01074229240519927,0.11278195488721798
BB,23213,166,23047,0.007151165295308663,248,0.010683668633955111,0.17338709677419356,0.25903614457831325,0.008894867010890789,0.7409638554216867,22842,205,123,43,False,XGBoost focal | with_housing_status,XGBoost focal,with_housing_status,test,valid_global_5pct_fpr,0.31131017208099365,23213,166,23047,0.007151165295308663,730,0.03144789557575497,0.0863013698630137,0.3795180722891566,0.02894085998177637,0.6204819277108434,22380,667,103,63,False,XGBoost focal | without_housing_status,without_housing_status,0.30946120619773865,-0.020764226941799857,0.08708572691117986,-0.12048192771084337,-0.020045992970885582,0.12048192771084332
BA,19182,899,18283,0.04686685434261287,4049,0.2110833072672297,0.15682884662879723,0.7063403781979978,0.18673084285948696,0.2936596218020022,14869,3414,264,635,False,XGBoost focal | with_housing_status,XGBoost focal,with_housing_status,test,valid_global_5pct_fpr,0.31131017208099365,19182,899,18283,0.04686685434261287,2499,0.13027838598686267,0.19727891156462585,0.5483870967741935,0.10971941147514085,0.45161290322580644,16277,2006,406,493,False,XGBoost focal | without_housing_status,without_housing_status,0.30946120619773865,0.08080492128036704,-0.04045006493582862,0.15795328142380427,0.07701143138434612,-0.15795328142380421
BE,12327,54,12273,0.004380627889997567,39,0.003163786809442687,0.10256410256410256,0.07407407407407407,0.0028517884787745457,0.9259259259259259,12238,35,50,4,False,XGBoost focal | with_housing_status,XGBoost focal,with_housing_status,test,valid_global_5pct_fpr,0.31131017208099365,12327,54,12273,0.004380627889997567,215,0.017441388821286607,0.05116279069767442,0.2037037037037037,0.016621852847714495,0.7962962962962963,12069,204,43,11,False,XGBoost focal | without_housing_status,without_housing_status,0.30946120619773865,-0.01427760201184392,0.05140131186642814,-0.12962962962962962,-0.01377006436893995,0.12962962962962965
BD,4478,42,4436,0.009379187137114784,100,0.022331397945511387,0.15,0.35714285714285715,0.01916140667267809,0.6428571428571429,4351,85,27,15,False,XGBoost focal | with_housing_status,XGBoost focal,with_housing_status,test,valid_global_5pct_fpr,0.31131017208099365,4478,42,4436,0.009379187137114784,148,0.03305046895935686,0.11486486486486487,0.40476190476190477,0.029531109107303877,0.5952380952380952,4305,131,25,17,False,XGBoost focal | without_housing_status,without_housing_status,0.30946120619773865,-0.01071907101384547,0.03513513513513512,-0.047619047619047616,-0.010369702434625788,0.04761904761904767
BF,135,1,134,0.007407407407407408,0,0.0,,0.0,0.0,1.0,134,0,1,0,True,XGBoost focal | with_housing_status,XGBoost focal,with_housing_status,test,valid_global_5pct_fpr,0.31131017208099365,135,1,134,0.007407407407407408,1,0.007407407407407408,0.0,0.0,0.007462686567164179,1.0,133,1,1,0,True,XGBoost focal | without_housing_status,without_housing_status,0.30946120619773865,-0.007407407407407408,,0.0,-0.007462686567164179,0.0
BG,6,0,6,0.0,0,0.0,,,0.0,,6,0,0,0,True,XGBoost focal | with_housing_status,XGBoost focal,with_housing_status,test,valid_global_5pct_fpr,0.31131017208099365,6,0,6,0.0,0,0.0,,,0.0,,6,0,0,0,True,XGBoost focal | without_housing_status,without_housing_status,0.30946120619773865,0.0,,,0.0,
