model,stage,model_family,feature_set,balance_policy,train_strategy,anomaly_policy,split,threshold_policy,threshold,precision,recall_tpr,fpr,pr_auc,roc_auc,tn,fp,fn,tp
baseline_randomsearch | Logistic Regression,baseline_randomsearch,Logistic Regression,baseline_eda_onehot,model_default_weighting,full_0_5_sample,without_anomaly_scores,validation,default_0_50,0.5,0.04736842105263158,0.5294117647058824,0.1467964314679643,0.07529017741394654,0.7655169123610515,2104,362,16,18
baseline_randomsearch | Logistic Regression,baseline_randomsearch,Logistic Regression,baseline_eda_onehot,model_default_weighting,full_0_5_sample,without_anomaly_scores,validation,valid_global_5pct_fpr,0.7438164845025249,0.1037037037037037,0.4117647058823529,0.049067315490673155,0.07529017741394654,0.7655169123610515,2345,121,20,14
baseline_randomsearch | Logistic Regression,baseline_randomsearch,Logistic Regression,baseline_eda_onehot,model_default_weighting,full_0_5_sample,without_anomaly_scores,test,default_0_50,0.5,0.08433734939759036,0.5675675675675675,0.0925700365408039,0.13806502690242692,0.8426002128803589,2235,228,16,21
baseline_randomsearch | Logistic Regression,baseline_randomsearch,Logistic Regression,baseline_eda_onehot,model_default_weighting,full_0_5_sample,without_anomaly_scores,test,valid_global_5pct_fpr,0.7438164845025249,0.1111111111111111,0.24324324324324326,0.029232643118148598,0.13806502690242692,0.8426002128803589,2391,72,28,9
baseline_randomsearch | Decision Tree,baseline_randomsearch,Decision Tree,baseline_eda_onehot,model_default_weighting,full_0_5_sample,without_anomaly_scores,validation,default_0_50,0.5,0.021576763485477178,0.7647058823529411,0.4781021897810219,0.0203765672341615,0.6309396021182195,1287,1179,8,26
baseline_randomsearch | Decision Tree,baseline_randomsearch,Decision Tree,baseline_eda_onehot,model_default_weighting,full_0_5_sample,without_anomaly_scores,validation,valid_global_5pct_fpr,inf,0.0,0.0,0.0,0.0203765672341615,0.6309396021182195,2466,0,34,0
baseline_randomsearch | Decision Tree,baseline_randomsearch,Decision Tree,baseline_eda_onehot,model_default_weighting,full_0_5_sample,without_anomaly_scores,test,default_0_50,0.5,0.02356020942408377,0.7297297297297297,0.4543239951278928,0.02935234567934823,0.6553039031723562,1344,1119,10,27
baseline_randomsearch | Decision Tree,baseline_randomsearch,Decision Tree,baseline_eda_onehot,model_default_weighting,full_0_5_sample,without_anomaly_scores,test,valid_global_5pct_fpr,inf,0.0,0.0,0.0,0.02935234567934823,0.6553039031723562,2463,0,37,0
baseline_randomsearch | Random Forest,baseline_randomsearch,Random Forest,baseline_eda_onehot,model_default_weighting,full_0_5_sample,without_anomaly_scores,validation,default_0_50,0.5,0.08333333333333333,0.14705882352941177,0.022303325223033254,0.059072009892234156,0.7704546538810172,2411,55,29,5
baseline_randomsearch | Random Forest,baseline_randomsearch,Random Forest,baseline_eda_onehot,model_default_weighting,full_0_5_sample,without_anomaly_scores,validation,valid_global_5pct_fpr,0.4345961859641273,0.09090909090909091,0.35294117647058826,0.04866180048661801,0.059072009892234156,0.7704546538810172,2346,120,22,12
baseline_randomsearch | Random Forest,baseline_randomsearch,Random Forest,baseline_eda_onehot,model_default_weighting,full_0_5_sample,without_anomaly_scores,test,default_0_50,0.5,0.1590909090909091,0.1891891891891892,0.015022330491270807,0.10031381912578412,0.8159901679999122,2426,37,30,7
baseline_randomsearch | Random Forest,baseline_randomsearch,Random Forest,baseline_eda_onehot,model_default_weighting,full_0_5_sample,without_anomaly_scores,test,valid_global_5pct_fpr,0.4345961859641273,0.12903225806451613,0.32432432432432434,0.03288672350791717,0.10031381912578412,0.8159901679999122,2382,81,25,12
baseline_randomsearch | XGBoost,baseline_randomsearch,XGBoost,baseline_eda_onehot,model_default_weighting,full_0_5_sample,without_anomaly_scores,validation,default_0_50,0.5,0.09090909090909091,0.08823529411764706,0.012165450121654502,0.053541362042755114,0.7059300605887123,2436,30,31,3
baseline_randomsearch | XGBoost,baseline_randomsearch,XGBoost,baseline_eda_onehot,model_default_weighting,full_0_5_sample,without_anomaly_scores,validation,valid_global_5pct_fpr,0.27188533544540405,0.05555555555555555,0.20588235294117646,0.048256285482562854,0.053541362042755114,0.7059300605887123,2347,119,27,7
baseline_randomsearch | XGBoost,baseline_randomsearch,XGBoost,baseline_eda_onehot,model_default_weighting,full_0_5_sample,without_anomaly_scores,test,default_0_50,0.5,0.058823529411764705,0.02702702702702703,0.006496142915144133,0.05606100518831953,0.7679933282856547,2447,16,36,1
baseline_randomsearch | XGBoost,baseline_randomsearch,XGBoost,baseline_eda_onehot,model_default_weighting,full_0_5_sample,without_anomaly_scores,test,valid_global_5pct_fpr,0.27188533544540405,0.07352941176470588,0.13513513513513514,0.025578562728380026,0.05606100518831953,0.7679933282856547,2400,63,32,5
baseline_randomsearch | LightGBM,baseline_randomsearch,LightGBM,baseline_eda_onehot,model_default_weighting,full_0_5_sample,without_anomaly_scores,validation,default_0_50,0.5,0.05128205128205128,0.17647058823529413,0.045012165450121655,0.04360983361173474,0.6977362721244216,2355,111,28,6
baseline_randomsearch | LightGBM,baseline_randomsearch,LightGBM,baseline_eda_onehot,model_default_weighting,full_0_5_sample,without_anomaly_scores,validation,valid_global_5pct_fpr,0.4577558945669601,0.0546875,0.20588235294117646,0.049067315490673155,0.04360983361173474,0.6977362721244216,2345,121,27,7
baseline_randomsearch | LightGBM,baseline_randomsearch,LightGBM,baseline_eda_onehot,model_default_weighting,full_0_5_sample,without_anomaly_scores,test,default_0_50,0.5,0.09,0.24324324324324326,0.036946812829882256,0.05664710298229151,0.7955799892462498,2372,91,28,9
baseline_randomsearch | LightGBM,baseline_randomsearch,LightGBM,baseline_eda_onehot,model_default_weighting,full_0_5_sample,without_anomaly_scores,test,valid_global_5pct_fpr,0.4577558945669601,0.07964601769911504,0.24324324324324326,0.042224928948436866,0.05664710298229151,0.7955799892462498,2359,104,28,9
baseline_catboost | CatBoost native,baseline_catboost,CatBoost,advanced_native_categoricals,scale_pos_weight,full_0_5_sample,without_anomaly_scores,validation,default_0_50,0.5,0.05704697986577181,0.5,0.11394971613949716,0.0526146505792826,0.7565717284480702,2185,281,17,17
baseline_catboost | CatBoost native,baseline_catboost,CatBoost,advanced_native_categoricals,scale_pos_weight,full_0_5_sample,without_anomaly_scores,validation,valid_global_5pct_fpr,0.5757120775990673,0.08181818181818182,0.2647058823529412,0.040957015409570155,0.0526146505792826,0.7565717284480702,2365,101,25,9
baseline_catboost | CatBoost native,baseline_catboost,CatBoost,advanced_native_categoricals,scale_pos_weight,full_0_5_sample,without_anomaly_scores,test,default_0_50,0.5,0.07216494845360824,0.3783783783783784,0.0730816077953715,0.11516233913314824,0.8148818733471597,2283,180,23,14
baseline_catboost | CatBoost native,baseline_catboost,CatBoost,advanced_native_categoricals,scale_pos_weight,full_0_5_sample,without_anomaly_scores,test,valid_global_5pct_fpr,0.5757120775990673,0.12,0.24324324324324326,0.02679658952496955,0.11516233913314824,0.8148818733471597,2397,66,28,9
balance_gate | Logistic Regression | no_balance,balance_gate,Logistic Regression,baseline_eda_onehot_dense,no_balance,full_0_5_sample,without_anomaly_scores,validation,default_0_50,0.5,0.0,0.0,0.0,0.06540336584867841,0.7913744573255093,2466,0,34,0
balance_gate | Logistic Regression | no_balance,balance_gate,Logistic Regression,baseline_eda_onehot_dense,no_balance,full_0_5_sample,without_anomaly_scores,validation,valid_global_5pct_fpr,0.025418424617928388,0.09401709401709402,0.3235294117647059,0.042984590429845905,0.06540336584867841,0.7913744573255093,2360,106,23,11
balance_gate | Logistic Regression | no_balance,balance_gate,Logistic Regression,baseline_eda_onehot_dense,no_balance,full_0_5_sample,without_anomaly_scores,test,default_0_50,0.5,0.0,0.0,0.0,0.11190232782207048,0.8077053911402268,2463,0,37,0
balance_gate | Logistic Regression | no_balance,balance_gate,Logistic Regression,baseline_eda_onehot_dense,no_balance,full_0_5_sample,without_anomaly_scores,test,valid_global_5pct_fpr,0.025418424617928388,0.11666666666666667,0.1891891891891892,0.02151847340641494,0.11190232782207048,0.8077053911402268,2410,53,30,7
balance_gate | Logistic Regression | class_weight,balance_gate,Logistic Regression,baseline_eda_onehot_dense,class_weight,full_0_5_sample,without_anomaly_scores,validation,default_0_50,0.5,0.04918032786885246,0.5294117647058824,0.1411192214111922,0.08266505213509169,0.7658985735413386,2118,348,16,18
balance_gate | Logistic Regression | class_weight,balance_gate,Logistic Regression,baseline_eda_onehot_dense,class_weight,full_0_5_sample,without_anomaly_scores,validation,valid_global_5pct_fpr,0.7397751269261933,0.1044776119402985,0.4117647058823529,0.04866180048661801,0.08266505213509169,0.7658985735413386,2346,120,20,14
balance_gate | Logistic Regression | class_weight,balance_gate,Logistic Regression,baseline_eda_onehot_dense,class_weight,full_0_5_sample,without_anomaly_scores,test,default_0_50,0.5,0.08225108225108226,0.5135135135135135,0.08607389362565976,0.1210221767781713,0.8330535163665492,2251,212,18,19
balance_gate | Logistic Regression | class_weight,balance_gate,Logistic Regression,baseline_eda_onehot_dense,class_weight,full_0_5_sample,without_anomaly_scores,test,valid_global_5pct_fpr,0.7397751269261933,0.13043478260869565,0.24324324324324326,0.024360535931790498,0.1210221767781713,0.8330535163665492,2403,60,28,9
balance_gate | Logistic Regression | random_undersampling,balance_gate,Logistic Regression,baseline_eda_onehot_dense,random_undersampling,full_0_5_sample,without_anomaly_scores,validation,default_0_50,0.5,0.06666666666666667,0.029411764705882353,0.0056772100567721,0.048838135918910994,0.765719669863079,2452,14,33,1
balance_gate | Logistic Regression | random_undersampling,balance_gate,Logistic Regression,baseline_eda_onehot_dense,random_undersampling,full_0_5_sample,without_anomaly_scores,validation,valid_global_5pct_fpr,0.35801272219629,0.0625,0.20588235294117646,0.04257907542579075,0.048838135918910994,0.765719669863079,2361,105,27,7
balance_gate | Logistic Regression | random_undersampling,balance_gate,Logistic Regression,baseline_eda_onehot_dense,random_undersampling,full_0_5_sample,without_anomaly_scores,test,default_0_50,0.5,0.09090909090909091,0.02702702702702703,0.004060089321965083,0.06972103910532132,0.7867904445249148,2453,10,36,1
balance_gate | Logistic Regression | random_undersampling,balance_gate,Logistic Regression,baseline_eda_onehot_dense,random_undersampling,full_0_5_sample,without_anomaly_scores,test,valid_global_5pct_fpr,0.35801272219629,0.07936507936507936,0.13513513513513514,0.023548518067397484,0.06972103910532132,0.7867904445249148,2405,58,32,5
balance_gate | Logistic Regression | random_oversampling,balance_gate,Logistic Regression,baseline_eda_onehot_dense,random_oversampling,full_0_5_sample,without_anomaly_scores,validation,default_0_50,0.5,0.15,0.08823529411764706,0.006893755068937551,0.0918770786563758,0.7820476122322407,2449,17,31,3
balance_gate | Logistic Regression | random_oversampling,balance_gate,Logistic Regression,baseline_eda_onehot_dense,random_oversampling,full_0_5_sample,without_anomaly_scores,validation,valid_global_5pct_fpr,0.24684435936673232,0.1308411214953271,0.4117647058823529,0.037712895377128956,0.0918770786563758,0.7820476122322407,2373,93,20,14
balance_gate | Logistic Regression | random_oversampling,balance_gate,Logistic Regression,baseline_eda_onehot_dense,random_oversampling,full_0_5_sample,without_anomaly_scores,test,default_0_50,0.5,0.3333333333333333,0.08108108108108109,0.00243605359317905,0.12856754678597634,0.8333936860124437,2457,6,34,3
balance_gate | Logistic Regression | random_oversampling,balance_gate,Logistic Regression,baseline_eda_onehot_dense,random_oversampling,full_0_5_sample,without_anomaly_scores,test,valid_global_5pct_fpr,0.24684435936673232,0.1702127659574468,0.21621621621621623,0.015834348355663823,0.12856754678597634,0.8333936860124437,2424,39,29,8
balance_gate | Logistic Regression | smote,balance_gate,Logistic Regression,baseline_eda_onehot_dense,smote,full_0_5_sample,without_anomaly_scores,validation,default_0_50,0.5,0.17391304347826086,0.11764705882352941,0.007704785077047851,0.08941566209403076,0.779089738085015,2447,19,30,4
balance_gate | Logistic Regression | smote,balance_gate,Logistic Regression,baseline_eda_onehot_dense,smote,full_0_5_sample,without_anomaly_scores,validation,valid_global_5pct_fpr,0.2259750260851991,0.1044776119402985,0.4117647058823529,0.04866180048661801,0.08941566209403076,0.779089738085015,2346,120,20,14
balance_gate | Logistic Regression | smote,balance_gate,Logistic Regression,baseline_eda_onehot_dense,smote,full_0_5_sample,without_anomaly_scores,test,default_0_50,0.5,0.3333333333333333,0.10810810810810811,0.0032480714575720666,0.11895863654720601,0.8283350341815627,2455,8,33,4
balance_gate | Logistic Regression | smote,balance_gate,Logistic Regression,baseline_eda_onehot_dense,smote,full_0_5_sample,without_anomaly_scores,test,valid_global_5pct_fpr,0.2259750260851991,0.11290322580645161,0.1891891891891892,0.022330491270807957,0.11895863654720601,0.8283350341815627,2408,55,30,7
balance_gate | Random Forest | no_balance,balance_gate,Random Forest,baseline_eda_onehot_dense,no_balance,full_0_5_sample,without_anomaly_scores,validation,default_0_50,0.5,0.0,0.0,0.0,0.07025161481405867,0.7661251848671342,2466,0,34,0
balance_gate | Random Forest | no_balance,balance_gate,Random Forest,baseline_eda_onehot_dense,no_balance,full_0_5_sample,without_anomaly_scores,validation,valid_global_5pct_fpr,0.02539859602803537,0.09302325581395349,0.35294117647058826,0.04744525547445255,0.07025161481405867,0.7661251848671342,2349,117,22,12
balance_gate | Random Forest | no_balance,balance_gate,Random Forest,baseline_eda_onehot_dense,no_balance,full_0_5_sample,without_anomaly_scores,test,default_0_50,0.5,0.0,0.0,0.0,0.08456635941076358,0.7737652390514753,2463,0,37,0
balance_gate | Random Forest | no_balance,balance_gate,Random Forest,baseline_eda_onehot_dense,no_balance,full_0_5_sample,without_anomaly_scores,test,valid_global_5pct_fpr,0.02539859602803537,0.06923076923076923,0.24324324324324326,0.04912708079577751,0.08456635941076358,0.7737652390514753,2342,121,28,9
balance_gate | Random Forest | class_weight,balance_gate,Random Forest,baseline_eda_onehot_dense,class_weight,full_0_5_sample,without_anomaly_scores,validation,default_0_50,0.5,0.07142857142857142,0.11764705882352941,0.021086780210867802,0.06363446658414128,0.7774199704212584,2414,52,30,4
balance_gate | Random Forest | class_weight,balance_gate,Random Forest,baseline_eda_onehot_dense,class_weight,full_0_5_sample,without_anomaly_scores,validation,valid_global_5pct_fpr,0.44660485971371744,0.09401709401709402,0.3235294117647059,0.042984590429845905,0.06363446658414128,0.7774199704212584,2360,106,23,11
balance_gate | Random Forest | class_weight,balance_gate,Random Forest,baseline_eda_onehot_dense,class_weight,full_0_5_sample,without_anomaly_scores,test,default_0_50,0.5,0.12962962962962962,0.1891891891891892,0.01908241981323589,0.09030430600321929,0.7876683016756099,2416,47,30,7
balance_gate | Random Forest | class_weight,balance_gate,Random Forest,baseline_eda_onehot_dense,class_weight,full_0_5_sample,without_anomaly_scores,test,valid_global_5pct_fpr,0.44660485971371744,0.0967741935483871,0.24324324324324326,0.0341047503045067,0.09030430600321929,0.7876683016756099,2379,84,28,9
balance_gate | Random Forest | random_undersampling,balance_gate,Random Forest,baseline_eda_onehot_dense,random_undersampling,full_0_5_sample,without_anomaly_scores,validation,default_0_50,0.5,0.0,0.0,0.0,0.04846243209808487,0.7717427603644864,2466,0,34,0
balance_gate | Random Forest | random_undersampling,balance_gate,Random Forest,baseline_eda_onehot_dense,random_undersampling,full_0_5_sample,without_anomaly_scores,validation,valid_global_5pct_fpr,0.22864795790441259,0.07964601769911504,0.2647058823529412,0.042173560421735604,0.04846243209808487,0.7717427603644864,2362,104,25,9
balance_gate | Random Forest | random_undersampling,balance_gate,Random Forest,baseline_eda_onehot_dense,random_undersampling,full_0_5_sample,without_anomaly_scores,test,default_0_50,0.5,0.0,0.0,0.0,0.04080296969711898,0.7280343681074498,2463,0,37,0
balance_gate | Random Forest | random_undersampling,balance_gate,Random Forest,baseline_eda_onehot_dense,random_undersampling,full_0_5_sample,without_anomaly_scores,test,valid_global_5pct_fpr,0.22864795790441259,0.06666666666666667,0.10810810810810811,0.022736500203004467,0.04080296969711898,0.7280343681074498,2407,56,33,4
balance_gate | Random Forest | random_oversampling,balance_gate,Random Forest,baseline_eda_onehot_dense,random_oversampling,full_0_5_sample,without_anomaly_scores,validation,default_0_50,0.5,0.0,0.0,0.0,0.05715407242030414,0.7686894709221888,2466,0,34,0
balance_gate | Random Forest | random_oversampling,balance_gate,Random Forest,baseline_eda_onehot_dense,random_oversampling,full_0_5_sample,without_anomaly_scores,validation,valid_global_5pct_fpr,0.17255809952375245,0.08,0.29411764705882354,0.04663422546634226,0.05715407242030414,0.7686894709221888,2351,115,24,10
balance_gate | Random Forest | random_oversampling,balance_gate,Random Forest,baseline_eda_onehot_dense,random_oversampling,full_0_5_sample,without_anomaly_scores,test,default_0_50,0.5,0.0,0.0,0.0,0.08298363624574172,0.7720753640363872,2463,0,37,0
balance_gate | Random Forest | random_oversampling,balance_gate,Random Forest,baseline_eda_onehot_dense,random_oversampling,full_0_5_sample,without_anomaly_scores,test,valid_global_5pct_fpr,0.17255809952375245,0.072,0.24324324324324326,0.04709703613479497,0.08298363624574172,0.7720753640363872,2347,116,28,9
balance_gate | Random Forest | smote,balance_gate,Random Forest,baseline_eda_onehot_dense,smote,full_0_5_sample,without_anomaly_scores,validation,default_0_50,0.5,0.0,0.0,0.0,0.07315124190939214,0.7646820285291733,2466,0,34,0
balance_gate | Random Forest | smote,balance_gate,Random Forest,baseline_eda_onehot_dense,smote,full_0_5_sample,without_anomaly_scores,validation,valid_global_5pct_fpr,0.1561339440830339,0.08208955223880597,0.3235294117647059,0.049878345498783457,0.07315124190939214,0.7646820285291733,2343,123,23,11
balance_gate | Random Forest | smote,balance_gate,Random Forest,baseline_eda_onehot_dense,smote,full_0_5_sample,without_anomaly_scores,test,default_0_50,0.5,0.0,0.0,0.0,0.09964508306528987,0.7449166584367559,2463,0,37,0
balance_gate | Random Forest | smote,balance_gate,Random Forest,baseline_eda_onehot_dense,smote,full_0_5_sample,without_anomaly_scores,test,valid_global_5pct_fpr,0.1561339440830339,0.07692307692307693,0.24324324324324326,0.0438489646772229,0.09964508306528987,0.7449166584367559,2355,108,28,9
advanced_gate | Logistic Regression,advanced_gate,Logistic Regression,ratios_interactions_target_frequency,model_default_weighting,full_0_5_sample,without_anomaly_scores,validation,default_0_50,0.5,0.04433497536945813,0.5294117647058824,0.1573398215733982,0.05956948673938005,0.7436548828777253,2078,388,16,18
advanced_gate | Logistic Regression,advanced_gate,Logistic Regression,ratios_interactions_target_frequency,model_default_weighting,full_0_5_sample,without_anomaly_scores,validation,valid_global_5pct_fpr,0.7570113565290331,0.10218978102189781,0.4117647058823529,0.049878345498783457,0.05956948673938005,0.7436548828777253,2343,123,20,14
advanced_gate | Logistic Regression,advanced_gate,Logistic Regression,ratios_interactions_target_frequency,model_default_weighting,full_0_5_sample,without_anomaly_scores,test,default_0_50,0.5,0.07894736842105263,0.4864864864864865,0.08526187576126674,0.10255815531007396,0.8277973466767621,2253,210,19,18
advanced_gate | Logistic Regression,advanced_gate,Logistic Regression,ratios_interactions_target_frequency,model_default_weighting,full_0_5_sample,without_anomaly_scores,test,valid_global_5pct_fpr,0.7570113565290331,0.0821917808219178,0.16216216216216217,0.027202598457166056,0.10255815531007396,0.8277973466767621,2396,67,31,6
advanced_gate | Random Forest,advanced_gate,Random Forest,ratios_interactions_target_frequency,model_default_weighting,full_0_5_sample,without_anomaly_scores,validation,default_0_50,0.5,0.0975609756097561,0.11764705882352941,0.015004055150040552,0.06093172203429773,0.7550450837269214,2429,37,30,4
advanced_gate | Random Forest,advanced_gate,Random Forest,ratios_interactions_target_frequency,model_default_weighting,full_0_5_sample,without_anomaly_scores,validation,valid_global_5pct_fpr,0.4002604119337899,0.072,0.2647058823529412,0.047039740470397405,0.06093172203429773,0.7550450837269214,2350,116,25,9
advanced_gate | Random Forest,advanced_gate,Random Forest,ratios_interactions_target_frequency,model_default_weighting,full_0_5_sample,without_anomaly_scores,test,default_0_50,0.5,0.2608695652173913,0.16216216216216217,0.006902151847340642,0.1056354843545991,0.7789555694549605,2446,17,31,6
advanced_gate | Random Forest,advanced_gate,Random Forest,ratios_interactions_target_frequency,model_default_weighting,full_0_5_sample,without_anomaly_scores,test,valid_global_5pct_fpr,0.4002604119337899,0.11842105263157894,0.24324324324324326,0.027202598457166056,0.1056354843545991,0.7789555694549605,2396,67,28,9
anomaly_recency_gate | Logistic Regression | full_0_5 | without_anomaly_scores,anomaly_recency_gate,Logistic Regression,advanced_plus_optional_anomaly,model_default_weighting,full_0_5,without_anomaly_scores,validation,default_0_50,0.5,0.04433497536945813,0.5294117647058824,0.1573398215733982,0.05956948673938005,0.7436548828777253,2078,388,16,18
anomaly_recency_gate | Logistic Regression | full_0_5 | without_anomaly_scores,anomaly_recency_gate,Logistic Regression,advanced_plus_optional_anomaly,model_default_weighting,full_0_5,without_anomaly_scores,validation,valid_global_5pct_fpr,0.7570113565290331,0.10218978102189781,0.4117647058823529,0.049878345498783457,0.05956948673938005,0.7436548828777253,2343,123,20,14
anomaly_recency_gate | Logistic Regression | full_0_5 | without_anomaly_scores,anomaly_recency_gate,Logistic Regression,advanced_plus_optional_anomaly,model_default_weighting,full_0_5,without_anomaly_scores,test,default_0_50,0.5,0.07894736842105263,0.4864864864864865,0.08526187576126674,0.10255815531007396,0.8277973466767621,2253,210,19,18
anomaly_recency_gate | Logistic Regression | full_0_5 | without_anomaly_scores,anomaly_recency_gate,Logistic Regression,advanced_plus_optional_anomaly,model_default_weighting,full_0_5,without_anomaly_scores,test,valid_global_5pct_fpr,0.7570113565290331,0.0821917808219178,0.16216216216216217,0.027202598457166056,0.10255815531007396,0.8277973466767621,2396,67,31,6
anomaly_recency_gate | Logistic Regression | full_0_5 | with_anomaly_scores,anomaly_recency_gate,Logistic Regression,advanced_plus_optional_anomaly,model_default_weighting,full_0_5,with_anomaly_scores,validation,default_0_50,0.5,0.039627039627039624,0.5,0.16707218167072183,0.05903762907894188,0.7377749153189256,2054,412,17,17
anomaly_recency_gate | Logistic Regression | full_0_5 | with_anomaly_scores,anomaly_recency_gate,Logistic Regression,advanced_plus_optional_anomaly,model_default_weighting,full_0_5,with_anomaly_scores,validation,valid_global_5pct_fpr,0.8221032506603546,0.10869565217391304,0.29411764705882354,0.0332522303325223,0.05903762907894188,0.7377749153189256,2384,82,24,10
anomaly_recency_gate | Logistic Regression | full_0_5 | with_anomaly_scores,anomaly_recency_gate,Logistic Regression,advanced_plus_optional_anomaly,model_default_weighting,full_0_5,with_anomaly_scores,test,default_0_50,0.5,0.07450980392156863,0.5135135135135135,0.09581810799837596,0.10813512334444206,0.8289056413295146,2227,236,18,19
anomaly_recency_gate | Logistic Regression | full_0_5 | with_anomaly_scores,anomaly_recency_gate,Logistic Regression,advanced_plus_optional_anomaly,model_default_weighting,full_0_5,with_anomaly_scores,test,valid_global_5pct_fpr,0.8221032506603546,0.1111111111111111,0.16216216216216217,0.0194884287454324,0.10813512334444206,0.8289056413295146,2415,48,31,6
anomaly_recency_gate | Logistic Regression | full_0_5_recency_weighted | without_anomaly_scores,anomaly_recency_gate,Logistic Regression,advanced_plus_optional_anomaly,model_default_weighting,full_0_5_recency_weighted,without_anomaly_scores,validation,default_0_50,0.5,0.04387990762124711,0.5588235294117647,0.1678832116788321,0.06100638450205252,0.7494036544058014,2052,414,15,19
anomaly_recency_gate | Logistic Regression | full_0_5_recency_weighted | without_anomaly_scores,anomaly_recency_gate,Logistic Regression,advanced_plus_optional_anomaly,model_default_weighting,full_0_5_recency_weighted,without_anomaly_scores,validation,valid_global_5pct_fpr,0.7695000597614267,0.09558823529411764,0.38235294117647056,0.049878345498783457,0.06100638450205252,0.7494036544058014,2343,123,21,13
anomaly_recency_gate | Logistic Regression | full_0_5_recency_weighted | without_anomaly_scores,anomaly_recency_gate,Logistic Regression,advanced_plus_optional_anomaly,model_default_weighting,full_0_5_recency_weighted,without_anomaly_scores,test,default_0_50,0.5,0.07659574468085106,0.4864864864864865,0.0881039382866423,0.0999532108517346,0.8262172038055108,2246,217,19,18
anomaly_recency_gate | Logistic Regression | full_0_5_recency_weighted | without_anomaly_scores,anomaly_recency_gate,Logistic Regression,advanced_plus_optional_anomaly,model_default_weighting,full_0_5_recency_weighted,without_anomaly_scores,test,valid_global_5pct_fpr,0.7695000597614267,0.0958904109589041,0.1891891891891892,0.02679658952496955,0.0999532108517346,0.8262172038055108,2397,66,30,7
anomaly_recency_gate | Logistic Regression | full_0_5_recency_weighted | with_anomaly_scores,anomaly_recency_gate,Logistic Regression,advanced_plus_optional_anomaly,model_default_weighting,full_0_5_recency_weighted,with_anomaly_scores,validation,default_0_50,0.5,0.04484304932735426,0.5882352941176471,0.17274939172749393,0.0606291333202185,0.7465173417298793,2040,426,14,20
anomaly_recency_gate | Logistic Regression | full_0_5_recency_weighted | with_anomaly_scores,anomaly_recency_gate,Logistic Regression,advanced_plus_optional_anomaly,model_default_weighting,full_0_5_recency_weighted,with_anomaly_scores,validation,valid_global_5pct_fpr,0.7796323364618519,0.08888888888888889,0.35294117647058826,0.049878345498783457,0.0606291333202185,0.7465173417298793,2343,123,22,12
anomaly_recency_gate | Logistic Regression | full_0_5_recency_weighted | with_anomaly_scores,anomaly_recency_gate,Logistic Regression,advanced_plus_optional_anomaly,model_default_weighting,full_0_5_recency_weighted,with_anomaly_scores,test,default_0_50,0.5,0.07142857142857142,0.5135135135135135,0.10028420625253756,0.10811437718040377,0.8335582842281989,2216,247,18,19
anomaly_recency_gate | Logistic Regression | full_0_5_recency_weighted | with_anomaly_scores,anomaly_recency_gate,Logistic Regression,advanced_plus_optional_anomaly,model_default_weighting,full_0_5_recency_weighted,with_anomaly_scores,test,valid_global_5pct_fpr,0.7796323364618519,0.10126582278481013,0.21621621621621623,0.02882663418595209,0.10811437718040377,0.8335582842281989,2392,71,29,8
anomaly_recency_gate | Logistic Regression | recent_3_5 | without_anomaly_scores,anomaly_recency_gate,Logistic Regression,advanced_plus_optional_anomaly,model_default_weighting,recent_3_5,without_anomaly_scores,validation,default_0_50,0.5,0.04740406320541761,0.6176470588235294,0.1711273317112733,0.0795720732758733,0.8017627975764515,2044,422,13,21
anomaly_recency_gate | Logistic Regression | recent_3_5 | without_anomaly_scores,anomaly_recency_gate,Logistic Regression,advanced_plus_optional_anomaly,model_default_weighting,recent_3_5,without_anomaly_scores,validation,valid_global_5pct_fpr,0.857039929368072,0.1015625,0.38235294117647056,0.04663422546634226,0.0795720732758733,0.8017627975764515,2351,115,21,13
anomaly_recency_gate | Logistic Regression | recent_3_5 | without_anomaly_scores,anomaly_recency_gate,Logistic Regression,advanced_plus_optional_anomaly,model_default_weighting,recent_3_5,without_anomaly_scores,test,default_0_50,0.5,0.03543307086614173,0.4864864864864865,0.19894437677628907,0.08595146176699991,0.7796468819611329,1973,490,19,18
anomaly_recency_gate | Logistic Regression | recent_3_5 | without_anomaly_scores,anomaly_recency_gate,Logistic Regression,advanced_plus_optional_anomaly,model_default_weighting,recent_3_5,without_anomaly_scores,test,valid_global_5pct_fpr,0.857039929368072,0.08666666666666667,0.35135135135135137,0.05562322371092164,0.08595146176699991,0.7796468819611329,2326,137,24,13
anomaly_recency_gate | Logistic Regression | recent_3_5 | with_anomaly_scores,anomaly_recency_gate,Logistic Regression,advanced_plus_optional_anomaly,model_default_weighting,recent_3_5,with_anomaly_scores,validation,default_0_50,0.5,0.04666666666666667,0.6176470588235294,0.17396593673965938,0.08272362860479672,0.803432565240208,2037,429,13,21
anomaly_recency_gate | Logistic Regression | recent_3_5 | with_anomaly_scores,anomaly_recency_gate,Logistic Regression,advanced_plus_optional_anomaly,model_default_weighting,recent_3_5,with_anomaly_scores,validation,valid_global_5pct_fpr,0.8570330699469653,0.09848484848484848,0.38235294117647056,0.048256285482562854,0.08272362860479672,0.803432565240208,2347,119,21,13
anomaly_recency_gate | Logistic Regression | recent_3_5 | with_anomaly_scores,anomaly_recency_gate,Logistic Regression,advanced_plus_optional_anomaly,model_default_weighting,recent_3_5,with_anomaly_scores,test,default_0_50,0.5,0.03767123287671233,0.5945945945945946,0.22817701989443767,0.08719337186835116,0.7814135694769069,1901,562,15,22
anomaly_recency_gate | Logistic Regression | recent_3_5 | with_anomaly_scores,anomaly_recency_gate,Logistic Regression,advanced_plus_optional_anomaly,model_default_weighting,recent_3_5,with_anomaly_scores,test,valid_global_5pct_fpr,0.8570330699469653,0.07344632768361582,0.35135135135135137,0.06658546488022736,0.08719337186835116,0.7814135694769069,2299,164,24,13
