family,trial_number,objective_value,params,runtime_seconds,inner_pr_auc,inner_roc_auc,precision_top1pct,recall_top1pct,fdr_top1pct,lift_top1pct,fp_per_tp_top1pct,threshold_fpr5,fpr_at_fpr5,fdr_at_fpr5,recall_at_fpr5,precision_at_fpr5,guardrail_feasible,inner_housing_status_fpr_gap,inner_housing_status_alert_rate_gap,inner_customer_age_group_fpr_gap,inner_customer_age_group_alert_rate_gap,inner_income_group_fpr_gap,inner_income_group_alert_rate_gap,inner_employment_status_fpr_gap,inner_employment_status_alert_rate_gap,inner_max_fpr_gap,inner_max_alert_rate_gap,param_iterations,param_depth,param_learning_rate,param_l2_leaf_reg,param_random_strength,param_bagging_temperature,param_scale_pos_weight,param_n_estimators,param_max_depth,param_subsample,param_colsample_bytree,param_min_child_weight,param_gamma,param_reg_lambda,param_num_leaves,param_min_child_samples,param_C,param_class_weight
CatBoost,0,0.5015681110955226,"{'iterations': 200, 'depth': 7, 'learning_rate': 0.08310681548584713, 'l2_leaf_reg': 9.18390181036444, 'random_strength': 0.3900466011060913, 'bagging_temperature': 0.3899863008405066, 'scale_pos_weight': 65.3129433758494}",85.62891268730164,0.19341987401248384,0.8950949149262849,0.2914572864321608,0.24663359319631467,0.7085427135678393,24.647454138160683,2.4310344827586206,0.6391017650696802,0.049698079924011124,0.884394808330818,0.5428773919206237,0.11560519166918201,False,0.2047398382620918,0.22608938440651088,0.15104652774923064,0.16919234507574876,0.045359842982831675,0.05062475343143448,0.08517154703595381,0.09831652186656409,0.2047398382620918,0.22608938440651088,200.0,7.0,0.08310681548584713,9.18390181036444,0.3900466011060913,0.3899863008405066,65.3129433758494,,,,,,,,,,,
CatBoost,1,0.5021842872253087,"{'iterations': 360, 'depth': 6, 'learning_rate': 0.07932694757052001, 'l2_leaf_reg': 2.2470139315496294, 'random_strength': 2.4247746304049858, 'bagging_temperature': 2.0811066020010545, 'scale_pos_weight': 80.62236675809741}",139.77645707130432,0.1894943619510246,0.895628893130261,0.2864321608040201,0.24238128986534374,0.7135678391959799,24.22249803233033,2.491228070175439,0.6820882604380212,0.04990162154827329,0.884413046745829,0.5450035435861091,0.11558695325417105,False,0.2043626627677225,0.22592436277331787,0.15072351802861875,0.16854201489359008,0.04561312735587858,0.05075495742021244,0.08617439313583941,0.09875056662112061,0.2043626627677225,0.22592436277331787,360.0,6.0,0.07932694757052001,2.2470139315496294,2.4247746304049858,2.0811066020010545,80.62236675809741,,,,,,,,,,,
CatBoost,2,0.4876465863749176,"{'iterations': 160, 'depth': 4, 'learning_rate': 0.03615301479333858, 'l2_leaf_reg': 8.297077179586854, 'random_strength': 1.0798625466052894, 'bagging_temperature': 0.7280728504951048, 'scale_pos_weight': 120.27298359867395}",36.58962035179138,0.16444727723022917,0.8791778084428564,0.24874371859296482,0.21048901488306165,0.7512562814070352,21.03532723860265,3.0202020202020203,0.7483976446155998,0.04960479001289097,0.8918877706617871,0.5024805102763997,0.10811222933821286,True,0.1631095966061574,0.18156915129365045,0.14873591958990157,0.16680012606072164,0.04721451161824922,0.05217702268296437,0.08065940777805185,0.09441780319223976,0.1631095966061574,0.18156915129365045,160.0,4.0,0.03615301479333858,8.297077179586854,1.0798625466052894,0.7280728504951048,120.27298359867395,,,,,,,,,,,
CatBoost,3,0.4880962345438051,"{'iterations': 160, 'depth': 5, 'learning_rate': 0.0407982628233995, 'l2_leaf_reg': 7.472839810604431, 'random_strength': 1.962939903482534, 'bagging_temperature': 0.49918445539589934, 'scale_pos_weight': 110.58462699558807}",38.84925365447998,0.16569863423900727,0.8801305003301241,0.25041876046901174,0.21190644932671865,0.7495812395309882,21.17697927387944,2.9933110367892977,0.7315447407178695,0.04987617884524052,0.892412746585736,0.5024805102763997,0.10758725341426403,True,0.16310749387883397,0.18141828212395486,0.1535149289305846,0.17192928360444384,0.048367855995296395,0.053433464705463216,0.07924697839952077,0.09359203936069559,0.16310749387883397,0.18141828212395486,160.0,5.0,0.0407982628233995,7.472839810604431,1.962939903482534,0.49918445539589934,110.58462699558807,,,,,,,,,,,
CatBoost,4,0.49749587714244875,"{'iterations': 280, 'depth': 4, 'learning_rate': 0.0652326406334676, 'l2_leaf_reg': 4.046289484247499, 'random_strength': 0.1626289824631988, 'bagging_temperature': 2.3722138431333333, 'scale_pos_weight': 155.38456577988617}",84.36698174476624,0.19287605355897144,0.8956452358445408,0.29229480737018426,0.24734231041814317,0.7077051926298157,24.71828015579908,2.4212034383954153,0.808870817932184,0.049596309111880045,0.8849878934624698,0.5386250885896527,0.11501210653753027,False,0.20688479948971503,0.22820146878470704,0.15146929432049805,0.16998381170968616,0.04476217637341921,0.050052505034744246,0.0847552133217067,0.09739623975310233,0.20688479948971503,0.22820146878470704,280.0,4.0,0.0652326406334676,4.046289484247499,0.1626289824631988,2.3722138431333333,155.38456577988617,,,,,,,,,,,
CatBoost,5,0.48694774865832197,"{'iterations': 360, 'depth': 5, 'learning_rate': 0.024186471102292394, 'l2_leaf_reg': 10.210796318145883, 'random_strength': 1.1003812343490034, 'bagging_temperature': 0.30509558711194706, 'scale_pos_weight': 108.69322103458332}",166.87860560417175,0.1841506174625242,0.8915314278509854,0.27889447236180903,0.23600283486888732,0.721105527638191,23.58506387358479,2.5855855855855854,0.737557487040209,0.04981681253816406,0.8866415094339622,0.5322466335931963,0.11335849056603774,False,0.2074767042315476,0.22833969389206324,0.1486412437766866,0.1670577980412858,0.047878593821350623,0.05325527018024362,0.07996375413166366,0.092948273615756,0.2074767042315476,0.22833969389206324,360.0,5.0,0.024186471102292394,10.210796318145883,1.1003812343490034,0.30509558711194706,108.69322103458332,,,,,,,,,,,
CatBoost,6,0.49555669507318073,"{'iterations': 120, 'depth': 7, 'learning_rate': 0.03309210936241962, 'l2_leaf_reg': 9.950267412247783, 'random_strength': 0.7792776902235274, 'bagging_temperature': 1.300170052944527, 'scale_pos_weight': 113.80776265875114}",59.95676112174988,0.1668370860435403,0.8819562862505924,0.25125628140703515,0.21261516654854712,0.7487437185929648,21.247805291517828,2.98,0.7359260503676881,0.04996946875636068,0.891241869611254,0.5095676824946846,0.10875813038874603,True,0.16498257205528172,0.18366455421802683,0.15812364053524006,0.17595521361498961,0.04847965589489138,0.05364475936179934,0.08065940777805185,0.09441780319223976,0.16498257205528172,0.18366455421802683,120.0,7.0,0.03309210936241962,9.950267412247783,0.7792776902235274,1.300170052944527,113.80776265875114,,,,,,,,,,,
CatBoost,7,0.5190685632189389,"{'iterations': 160, 'depth': 7, 'learning_rate': 0.09038434714892372, 'l2_leaf_reg': 13.273987298770269, 'random_strength': 2.237068376069122, 'bagging_temperature': 1.4947499470277128, 'scale_pos_weight': 151.04172767612366}",69.22361707687378,0.1739400950242203,0.8859843956710691,0.26716917922948075,0.22608079376328843,0.7328308207705192,22.593499626647294,2.74294670846395,0.7948845760458763,0.04990162154827329,0.887615024890632,0.5279943302622254,0.11238497510936793,True,0.15906433940392337,0.1776869560014189,0.14987925514544406,0.16833117787060886,0.05013328912521274,0.05536493419853976,0.07403155074183317,0.08689267218443203,0.15906433940392337,0.1776869560014189,160.0,7.0,0.09038434714892372,13.273987298770269,2.237068376069122,1.4947499470277128,151.04172767612366,,,,,,,,,,,
CatBoost,8,0.4687488892563971,"{'iterations': 120, 'depth': 4, 'learning_rate': 0.02183994241198303, 'l2_leaf_reg': 5.903963969159172, 'random_strength': 0.9716932242237051, 'bagging_temperature': 0.6783725794347397, 'scale_pos_weight': 141.7981701850094}",44.32592535018921,0.1441890671971034,0.8674060113011041,0.2269681742043551,0.1920623671155209,0.7730318257956449,19.19385078000444,3.4059040590405902,0.7457368711653966,0.04986769794422959,0.8947048082775411,0.49043231750531535,0.10529519172245892,True,0.17015719588154393,0.1881938890367422,0.14093823781961706,0.15918444800777654,0.04198090310655428,0.04692625360842109,0.08799288206067868,0.10176598314547265,0.17015719588154393,0.1881938890367422,120.0,4.0,0.02183994241198303,5.903963969159172,0.9716932242237051,0.6783725794347397,141.7981701850094,,,,,,,,,,,
CatBoost,9,0.5078636933038361,"{'iterations': 200, 'depth': 5, 'learning_rate': 0.05749914566104805, 'l2_leaf_reg': 3.6910906996971518, 'random_strength': 2.0054924518850994, 'bagging_temperature': 0.18637660919942706, 'scale_pos_weight': 157.49405503745365}",99.31869888305664,0.17983269653388237,0.8892616297976474,0.2721943048576214,0.2303330970942594,0.7278056951423786,23.018455732477648,2.6738461538461538,0.7962505529012213,0.04967263722097836,0.8858136721113128,0.5350815024805102,0.11418632788868724,False,0.19904246202676795,0.22000662257303327,0.15045219318257547,0.16900216620569983,0.047594602803572875,0.05300399158251748,0.07883246054171848,0.09240325094086539,0.19904246202676795,0.22000662257303327,200.0,5.0,0.05749914566104805,3.6910906996971518,2.0054924518850994,0.18637660919942706,157.49405503745365,,,,,,,,,,,
CatBoost,10,0.5147701491919177,"{'iterations': 280, 'depth': 6, 'learning_rate': 0.13194225665866918, 'l2_leaf_reg': 13.461679243717388, 'random_strength': 1.6296663769454462, 'bagging_temperature': 1.4380201670381816, 'scale_pos_weight': 132.03516405686113}",133.21964263916016,0.19235254245135625,0.8937240563167409,0.28559463986599665,0.24167257264351524,0.7144053601340034,24.151672014691933,2.501466275659824,0.7799581089506824,0.049791369835131286,0.8855203619909502,0.5379163713678242,0.11447963800904977,False,0.19898000487863554,0.2202518744216124,0.1471937545113357,0.16518092298738696,0.04525720740474767,0.05043399987971538,0.07882436001899651,0.09161589293229308,0.19898000487863554,0.2202518744216124,280.0,6.0,0.13194225665866918,13.461679243717388,1.6296663769454462,1.4380201670381816,132.03516405686113,,,,,,,,,,,
CatBoost,11,0.5014936091586841,"{'iterations': 280, 'depth': 6, 'learning_rate': 0.1393383460733813, 'l2_leaf_reg': 13.94455436958384, 'random_strength': 1.6979277257290213, 'bagging_temperature': 1.4362972056164856, 'scale_pos_weight': 131.4996191630576}",108.90307521820068,0.19062734620816152,0.8953642601680293,0.29396984924623115,0.24875974486180014,0.7060301507537688,24.859932191075863,2.4017094017094016,0.7787954847989289,0.04998643055838252,0.8851178855684037,0.5421686746987951,0.11488211443159634,False,0.20554441354629932,0.22714614695548138,0.15132420389207468,0.16983936406687644,0.04500731849582905,0.05015986105701363,0.08363067016736316,0.09682927089365637,0.20554441354629932,0.22714614695548138,280.0,6.0,0.1393383460733813,13.94455436958384,1.6979277257290213,1.4362972056164856,131.4996191630576,,,,,,,,,,,
CatBoost,12,0.49047549418827147,"{'iterations': 240, 'depth': 7, 'learning_rate': 0.13857910561691408, 'l2_leaf_reg': 13.986362900047725, 'random_strength': 1.5506501167503628, 'bagging_temperature': 1.660272305637105, 'scale_pos_weight': 138.0994086861471}",115.25908017158508,0.1886980193564087,0.8933511370946843,0.288107202680067,0.2437987243090007,0.7118927973199329,24.364150067607113,2.4709302325581395,0.7843789241215438,0.04948605739873804,0.8858357370578412,0.5329553508150248,0.1141642629421588,False,0.2058839377121612,0.22741835469202148,0.14749790822114411,0.1659266583940851,0.04518188300726621,0.05043286483647018,0.08247471722047993,0.09515440070743053,0.2058839377121612,0.22741835469202148,240.0,7.0,0.13857910561691408,13.986362900047725,1.5506501167503628,1.660272305637105,138.0994086861471,,,,,,,,,,,
CatBoost,13,0.500571297389067,"{'iterations': 320, 'depth': 6, 'learning_rate': 0.10580043868046411, 'l2_leaf_reg': 12.163162534559062, 'random_strength': 2.443198580523269, 'bagging_temperature': 1.7439080036202608, 'scale_pos_weight': 94.20682422326523}",158.0542471408844,0.1923146983010625,0.8955130275535157,0.2931323283082077,0.24805102763997164,0.7068676716917923,24.789106173437467,2.4114285714285715,0.7142716621421723,0.049850736142207745,0.8849744052996086,0.5414599574769667,0.11502559470039145,False,0.2012077715495417,0.22305060281523098,0.15306822531107311,0.1719811650624314,0.04495167406375003,0.050212404024903116,0.08758142216588917,0.10096906314365493,0.2012077715495417,0.22305060281523098,320.0,6.0,0.10580043868046411,12.163162534559062,2.443198580523269,1.7439080036202608,94.20682422326523,,,,,,,,,,,
CatBoost,14,0.4996140475293614,"{'iterations': 400, 'depth': 7, 'learning_rate': 0.09672322813447276, 'l2_leaf_reg': 11.957111974997273, 'random_strength': 1.4991262259534712, 'bagging_temperature': 0.9615825522101198, 'scale_pos_weight': 144.9968928763744}",143.8441994190216,0.18961079251909388,0.8942246398460066,0.2948073701842546,0.24946846208362863,0.7051926298157454,24.930758208714256,2.3920454545454546,0.7865948772198416,0.04973200352805482,0.8849984907938424,0.5400425230333097,0.11500150920615757,False,0.2108949835659249,0.23248243075651095,0.15234765632679803,0.17146802856199045,0.04683865618399739,0.052028535417592725,0.07968126825595745,0.09349878283678545,0.2108949835659249,0.23248243075651095,400.0,7.0,0.09672322813447276,11.957111974997273,1.4991262259534712,0.9615825522101198,144.9968928763744,,,,,,,,,,,
CatBoost,15,0.49209152329814937,"{'iterations': 240, 'depth': 6, 'learning_rate': 0.11114381238675278, 'l2_leaf_reg': 12.012756710195067, 'random_strength': 2.0678048681695254, 'bagging_temperature': 1.033535249231782, 'scale_pos_weight': 127.31000948956212}",128.67055892944336,0.1896213891076769,0.8955079786826092,0.2914572864321608,0.24663359319631467,0.7085427135678393,24.647454138160683,2.4310344827586206,0.7698393567866839,0.04995250695433883,0.8866475989763661,0.5336640680368533,0.1133524010236339,False,0.20438030591537734,0.22541929897721388,0.15027046311230652,0.16911539054345426,0.04550760734910323,0.05065901312273029,0.07986832986832987,0.09398291518185004,0.20438030591537734,0.22541929897721388,240.0,6.0,0.11114381238675278,12.012756710195067,2.0678048681695254,1.033535249231782,127.31000948956212,,,,,,,,,,,
CatBoost,16,0.49763622100777344,"{'iterations': 320, 'depth': 7, 'learning_rate': 0.07128610944984493, 'l2_leaf_reg': 11.09868340415688, 'random_strength': 2.1804492209360604, 'bagging_temperature': 1.9866134102802222, 'scale_pos_weight': 149.0347112868794}",164.3383560180664,0.18820146415690414,0.8952603676280055,0.288107202680067,0.2437987243090007,0.7118927973199329,24.364150067607113,2.4709302325581395,0.7928953861747189,0.04975744623108759,0.8850505355257203,0.5400425230333097,0.11494946447427969,False,0.2088181961095348,0.23037498726179778,0.1466309785490855,0.16538229858858888,0.04759222941031848,0.05276754209778123,0.07854592440465129,0.09157609077073908,0.2088181961095348,0.23037498726179778,320.0,7.0,0.07128610944984493,11.09868340415688,2.1804492209360604,1.9866134102802222,149.0347112868794,,,,,,,,,,,
CatBoost,17,0.48783601084822986,"{'iterations': 200, 'depth': 6, 'learning_rate': 0.04935102664760256, 'l2_leaf_reg': 12.990691587350218, 'random_strength': 1.7902747509199357, 'bagging_temperature': 1.6558532023242172, 'scale_pos_weight': 128.70134745264136}",103.01921033859253,0.18183762065538836,0.8905620446369233,0.2747068676716918,0.23245924875974486,0.7252931323283083,23.23093378539283,2.6402439024390243,0.7631034863601818,0.04996946875636068,0.8865482997291604,0.5343727852586818,0.1134517002708396,False,0.20384163694461874,0.22507909745217866,0.1518378354984766,0.16996709632681484,0.04848465819911863,0.05397600584230548,0.07939743229313091,0.09267850555138012,0.20384163694461874,0.22507909745217866,200.0,6.0,0.04935102664760256,12.990691587350218,1.7902747509199357,1.6558532023242172,128.70134745264136,,,,,,,,,,,
CatBoost,18,0.5196077406245774,"{'iterations': 160, 'depth': 7, 'learning_rate': 0.0936223264484919, 'l2_leaf_reg': 7.339455057470529, 'random_strength': 1.305034354232205, 'bagging_temperature': 1.1749845942621828, 'scale_pos_weight': 95.11753407178013}",63.21509146690369,0.17867593396313705,0.8865728896597153,0.271356783919598,0.2296243798724309,0.728643216080402,22.94762971483926,2.685185185185185,0.713787305457118,0.04995250695433883,0.8878504672897196,0.5272856130403969,0.11214953271028037,True,0.1577087017623274,0.17660456588939089,0.15887957890200058,0.1768141733594422,0.04916867588534096,0.05420101908532041,0.07865557865557865,0.0919471254211788,0.15887957890200058,0.1768141733594422,160.0,7.0,0.0936223264484919,7.339455057470529,1.305034354232205,1.1749845942621828,95.11753407178013,,,,,,,,,,,
CatBoost,19,0.5242365104906118,"{'iterations': 160, 'depth': 7, 'learning_rate': 0.09114565108321325, 'l2_leaf_reg': 6.375531706022276, 'random_strength': 1.34818194728658, 'bagging_temperature': 1.0902495839307005, 'scale_pos_weight': 95.82595146409082}",63.366703748703,0.17989214602812129,0.8875346394618115,0.2721943048576214,0.2303330970942594,0.7278056951423786,23.018455732477648,2.6738461538461538,0.7159264373961478,0.04975744623108759,0.8866555841015566,0.5315379163713678,0.1133444158984434,True,0.1553530605144635,0.17493558934120287,0.15026919285294635,0.16954542228085237,0.04865082494220025,0.0536402069303515,0.07873838636550501,0.09260664212927641,0.1553530605144635,0.17493558934120287,160.0,7.0,0.09114565108321325,6.375531706022276,1.34818194728658,1.0902495839307005,95.82595146409082,,,,,,,,,,,
XGBoost,0,0.4699287370282,"{'n_estimators': 220, 'max_depth': 7, 'learning_rate': 0.08310681548584713, 'subsample': 0.8795975452591109, 'colsample_bytree': 0.6624074561769746, 'min_child_weight': 2.403950683025824, 'gamma': 0.2904180608409973, 'reg_lambda': 6.32320406940339, 'scale_pos_weight': 139.11204607092085}",13.934154033660889,0.17345865277201583,0.8874842439164351,0.2730318257956449,0.2310418143160879,0.7269681742043551,23.089281750116044,2.6625766871165646,0.6946223974227905,0.04998643055838252,0.8897946859903382,0.517363571934798,0.11020531400966184,False,0.20572229107171722,0.22628152128978918,0.11117086507598706,0.12897656873684293,0.043709094181201655,0.04870583070639038,0.0830772754501568,0.09633249995658257,0.20572229107171722,0.22628152128978918,,,0.08310681548584713,,,,139.11204607092085,220.0,7.0,0.8795975452591109,0.6624074561769746,2.403950683025824,0.2904180608409973,6.32320406940339,,,,
XGBoost,1,0.4945617692509467,"{'n_estimators': 340, 'max_depth': 3, 'learning_rate': 0.13203799189282112, 'subsample': 0.9497327922401265, 'colsample_bytree': 0.6849356442713105, 'min_child_weight': 2.636424704863906, 'gamma': 0.9170225492671691, 'reg_lambda': 0.4291160572073618, 'scale_pos_weight': 127.74448533813641}",13.388495683670044,0.19179621923967521,0.8969337678055044,0.2897822445561139,0.24521615875265768,0.7102177554438861,24.505802102883898,2.4508670520231215,0.7763670682907104,0.04970656082502205,0.8856149894227864,0.5364989369241673,0.11438501057721366,False,0.209278517161485,0.2305704836709384,0.1477565304735859,0.16696239281674632,0.04361960315798197,0.04875952097599213,0.10687010348027297,0.12145113659694423,0.209278517161485,0.2305704836709384,,,0.13203799189282112,,,,127.74448533813641,340.0,3.0,0.9497327922401265,0.6849356442713105,2.636424704863906,0.9170225492671691,0.4291160572073618,,,,
XGBoost,2,0.49428605922146324,"{'n_estimators': 220, 'max_depth': 4, 'learning_rate': 0.06578178860634384, 'subsample': 0.7418481581956126, 'colsample_bytree': 0.7168578594140873, 'min_child_weight': 4.297256589643226, 'gamma': 2.28034992108518, 'reg_lambda': 4.290650438469192, 'scale_pos_weight': 79.34918050535526}",12.215475082397461,0.1920143692913071,0.8963030195758189,0.2864321608040201,0.24238128986534374,0.7135678391959799,24.22249803233033,2.491228070175439,0.6807442903518677,0.04980833163715313,0.8856884331171769,0.5372076541459957,0.11431156688282311,False,0.21646280103026613,0.2374961936141271,0.14441611858273268,0.1629883442641881,0.04373114753985848,0.04885431797176202,0.10041814957069195,0.11350067957199217,0.21646280103026613,0.2374961936141271,,,0.06578178860634384,,,,79.34918050535526,220.0,4.0,0.7418481581956126,0.7168578594140873,4.297256589643226,2.28034992108518,4.290650438469192,,,,
XGBoost,3,0.48201515335887374,"{'n_estimators': 260, 'max_depth': 5, 'learning_rate': 0.021891985328248584, 'subsample': 0.8822634555704315, 'colsample_bytree': 0.6682096494749166, 'min_child_weight': 1.5854643368675156, 'gamma': 4.7444276862666666, 'reg_lambda': 10.179442973721754, 'scale_pos_weight': 169.9703274078973}",14.133257389068604,0.1761380338168547,0.8910585229532971,0.2696817420435511,0.22820694542877393,0.7303182579564489,22.805977679562474,2.7080745341614905,0.8045053482055664,0.04978288893412036,0.8869749168933212,0.5301204819277109,0.11302508310667876,False,0.23112989001527987,0.25223671201997866,0.13951341534315004,0.15827471053568007,0.043203291988263275,0.04838829055409597,0.10226752175904717,0.11611229151009628,0.23112989001527987,0.25223671201997866,,,0.021891985328248584,,,,169.9703274078973,260.0,5.0,0.8822634555704315,0.6682096494749166,1.5854643368675156,4.7444276862666666,10.179442973721754,,,,
XGBoost,4,0.4872046346521692,"{'n_estimators': 180, 'max_depth': 3, 'learning_rate': 0.07573105121823548, 'subsample': 0.8320457481218804, 'colsample_bytree': 0.6488152939379115, 'min_child_weight': 5.456592191001432, 'gamma': 0.17194260557609198, 'reg_lambda': 7.773953286728962, 'scale_pos_weight': 88.14836601745688}",10.849802732467651,0.18565932051760037,0.8945058379132603,0.28224455611390287,0.23883770375620128,0.7177554438860971,23.868367944138367,2.543026706231454,0.6988825798034668,0.049893140647262364,0.8869289914066033,0.5315379163713678,0.11307100859339665,False,0.22722621126740647,0.24835114470675257,0.1477944403747916,0.165988001273852,0.044726722942179595,0.04997025480700677,0.10470065893794707,0.11793668002020279,0.22722621126740647,0.24835114470675257,,,0.07573105121823548,,,,88.14836601745688,180.0,3.0,0.8320457481218804,0.6488152939379115,5.456592191001432,0.17194260557609198,7.773953286728962,,,,
XGBoost,5,0.49698728852875457,"{'n_estimators': 300, 'max_depth': 4, 'learning_rate': 0.05502226459643869, 'subsample': 0.8640130838029838, 'colsample_bytree': 0.6739417822102108, 'min_child_weight': 9.726261649881026, 'gamma': 3.8756641168055728, 'reg_lambda': 8.982321178991384, 'scale_pos_weight': 182.8372285338647}",13.97685718536377,0.19098041130901836,0.8961992352258858,0.29061976549413737,0.24592487597448617,0.7093802345058626,24.576628120522294,2.440922190201729,0.8243817687034607,0.049596309111880045,0.8849878934624698,0.5386250885896527,0.11501210653753027,False,0.21397404506254972,0.23523748531391883,0.14785247654616096,0.16606385207580282,0.04371672539640177,0.04897768718413469,0.10443696630137307,0.11714945659220517,0.21397404506254972,0.23523748531391883,,,0.05502226459643869,,,,182.8372285338647,300.0,4.0,0.8640130838029838,0.6739417822102108,9.726261649881026,3.8756641168055728,8.982321178991384,,,,
XGBoost,6,0.483393610700484,"{'n_estimators': 300, 'max_depth': 7, 'learning_rate': 0.023758271212060693, 'subsample': 0.7587948587257435, 'colsample_bytree': 0.6180909155642152, 'min_child_weight': 3.927972976869379, 'gamma': 1.9433864484474102, 'reg_lambda': 0.3665927045903196, 'scale_pos_weight': 172.9983828739533}",17.345633268356323,0.17404016478976772,0.8909875893223401,0.26716917922948075,0.22608079376328843,0.7328308207705192,22.593499626647294,2.74294670846395,0.7778680324554443,0.04994402605332791,0.8868975903614458,0.5322466335931963,0.11310240963855421,False,0.21080341623774765,0.231581892620767,0.1258361817356875,0.14438028459956712,0.04429810750454009,0.0495293699592738,0.09302829557066845,0.10631213301863429,0.21080341623774765,0.231581892620767,,,0.023758271212060693,,,,172.9983828739533,300.0,7.0,0.7587948587257435,0.6180909155642152,3.927972976869379,1.9433864484474102,0.3665927045903196,,,,
XGBoost,7,0.49089681848618555,"{'n_estimators': 220, 'max_depth': 4, 'learning_rate': 0.05749914566104805, 'subsample': 0.7422772674924287, 'colsample_bytree': 0.9208787923016158, 'min_child_weight': 1.6709557931179373, 'gamma': 4.9344346830025865, 'reg_lambda': 4.0330800458792, 'scale_pos_weight': 79.20654732624506}",12.10235071182251,0.19002725939519025,0.8961085659191885,0.2847571189279732,0.24096385542168675,0.7152428810720268,24.08084599705354,2.511764705882353,0.6787686347961426,0.049765927132098514,0.8861371186952582,0.5343727852586818,0.11386288130474177,False,0.2180514501394759,0.23914305042019485,0.14447669527282234,0.16325216647550056,0.04337548310644604,0.04840770887393485,0.10052738527314799,0.1141535825565182,0.2180514501394759,0.23914305042019485,,,0.05749914566104805,,,,79.20654732624506,220.0,4.0,0.7422772674924287,0.9208787923016158,1.6709557931179373,4.9344346830025865,4.0330800458792,,,,
XGBoost,8,0.4691941064794916,"{'n_estimators': 100, 'max_depth': 7, 'learning_rate': 0.07913958189847552, 'subsample': 0.9187021504122962, 'colsample_bytree': 0.9085081386743783, 'min_child_weight': 1.6664018656068134, 'gamma': 1.7923286427213632, 'reg_lambda': 0.17414570810812344, 'scale_pos_weight': 178.1144634103688}",9.785953998565674,0.1757341192922886,0.8858579695393444,0.26549413735343386,0.22466335931963147,0.7345058626465661,22.45184759137051,2.7665615141955837,0.7857510447502136,0.0499779496573716,0.8895094339622641,0.518781006378455,0.11049056603773585,False,0.21337356538606606,0.23351591566763125,0.11861270826189454,0.1367417409330024,0.04290038755823851,0.04817698363929279,0.09500569670061196,0.10768840607120793,0.21337356538606606,0.23351591566763125,,,0.07913958189847552,,,,178.1144634103688,100.0,7.0,0.9187021504122962,0.9085081386743783,1.6664018656068134,1.7923286427213632,0.17414570810812344,,,,
XGBoost,9,0.48390726403704315,"{'n_estimators': 300, 'max_depth': 4, 'learning_rate': 0.022633047397742998, 'subsample': 0.7932946965146986, 'colsample_bytree': 0.7300733288106989, 'min_child_weight': 7.566455605042576, 'gamma': 3.1877873567760657, 'reg_lambda': 6.993202362581504, 'scale_pos_weight': 119.92259073343072}",13.843763828277588,0.17610150677532954,0.8917853409783816,0.26884422110552764,0.22749822820694543,0.7311557788944724,22.73515166192408,2.7196261682242993,0.7511757016181946,0.04992706425130606,0.8868635131063574,0.5322466335931963,0.11313648689364267,False,0.23600805929434646,0.2569324289949134,0.13869944080502017,0.15724954126514182,0.042405867562347,0.047637847632186134,0.09813946932591001,0.11181061150535725,0.23600805929434646,0.2569324289949134,,,0.022633047397742998,,,,119.92259073343072,300.0,4.0,0.7932946965146986,0.7300733288106989,7.566455605042576,3.1877873567760657,6.993202362581504,,,,
XGBoost,10,0.4925317172265447,"{'n_estimators': 420, 'max_depth': 5, 'learning_rate': 0.037506253929362146, 'subsample': 0.9796871025735361, 'colsample_bytree': 0.8112687136962431, 'min_child_weight': 9.168983157542659, 'gamma': 3.651834476035047, 'reg_lambda': 1.8221527353715827, 'scale_pos_weight': 194.01275772649583}",17.400319814682007,0.18732611888853948,0.8931511627381402,0.288107202680067,0.2437987243090007,0.7118927973199329,24.364150067607113,2.4709302325581395,0.8215324878692627,0.049960987855349755,0.8863978332831779,0.5350815024805102,0.11360216671682215,False,0.2132658009591034,0.23449772633319554,0.1381226919898083,0.15748434763208635,0.044087067490989396,0.04928607343966521,0.09896049896049897,0.11264298906047299,0.2132658009591034,0.23449772633319554,,,0.037506253929362146,,,,194.01275772649583,420.0,5.0,0.9796871025735361,0.8112687136962431,9.168983157542659,3.651834476035047,1.8221527353715827,,,,
XGBoost,11,0.5037219637005729,"{'n_estimators': 380, 'max_depth': 3, 'learning_rate': 0.12598879906948013, 'subsample': 0.9782363777690439, 'colsample_bytree': 0.7824927945666315, 'min_child_weight': 9.621785574168795, 'gamma': 1.1369011930663562, 'reg_lambda': 0.7727586868685291, 'scale_pos_weight': 137.70798987718496}",14.031782627105713,0.19272624983503908,0.8954963121844787,0.2889447236180904,0.2445074415308292,0.7110552763819096,24.434976085245502,2.4608695652173913,0.7886143922805786,0.049664156319967435,0.8837911258677935,0.5457122608079377,0.11620887413220646,False,0.20868581281319037,0.23046713517982637,0.14733122338359814,0.1665864499980231,0.04204392323611493,0.04708045286541987,0.10409046595487273,0.11790475334022779,0.20868581281319037,0.23046713517982637,,,0.12598879906948013,,,,137.70798987718496,380.0,3.0,0.9782363777690439,0.7824927945666315,9.621785574168795,1.1369011930663562,0.7727586868685291,,,,
XGBoost,12,0.4994240762002143,"{'n_estimators': 420, 'max_depth': 3, 'learning_rate': 0.1222582474879162, 'subsample': 0.9990345553110223, 'colsample_bytree': 0.81344174234016, 'min_child_weight': 9.538933950217324, 'gamma': 3.847141280375033, 'reg_lambda': 1.2650668719076885, 'scale_pos_weight': 146.2227224103684}",14.34042739868164,0.19232308007816584,0.8963879337707388,0.2914572864321608,0.24663359319631467,0.7085427135678393,24.647454138160683,2.4310344827586206,0.7981373071670532,0.049536942804803585,0.8844639612356148,0.5407512402551382,0.11553603876438522,False,0.20793146182445174,0.22969202149648615,0.1439946222708254,0.16266428290345245,0.04129874777814939,0.04639398915312086,0.10641436743131658,0.12017725730786716,0.20793146182445174,0.22969202149648615,,,0.1222582474879162,,,,146.2227224103684,420.0,3.0,0.9990345553110223,0.81344174234016,9.538933950217324,3.847141280375033,1.2650668719076885,,,,
XGBoost,13,0.49403318660678314,"{'n_estimators': 420, 'max_depth': 3, 'learning_rate': 0.1386408321331479, 'subsample': 0.9998087315924653, 'colsample_bytree': 0.8209637309112441, 'min_child_weight': 7.730878606547101, 'gamma': 1.2077746649016994, 'reg_lambda': 1.0802658026019345, 'scale_pos_weight': 146.2987396235392}",14.784023761749268,0.1913094194557737,0.8942821458845764,0.29061976549413737,0.24592487597448617,0.7093802345058626,24.576628120522294,2.440922190201729,0.7973757386207581,0.04993554515231698,0.8862131246237206,0.5357902197023388,0.11378687537627935,False,0.20685381755482515,0.22819346837536172,0.1486285411830851,0.167128602342832,0.04247253867375443,0.04742311107071326,0.1116535701281464,0.12471565151957435,0.20685381755482515,0.22819346837536172,,,0.1386408321331479,,,,146.2987396235392,420.0,3.0,0.9998087315924653,0.8209637309112441,7.730878606547101,1.2077746649016994,1.0802658026019345,,,,
XGBoost,14,0.4628455347042631,"{'n_estimators': 380, 'max_depth': 6, 'learning_rate': 0.10540222248427168, 'subsample': 0.9353199585571631, 'colsample_bytree': 0.9977973026408707, 'min_child_weight': 7.9817072357721495, 'gamma': 2.7939929152165717, 'reg_lambda': 1.0138831592334983, 'scale_pos_weight': 105.10988330942045}",17.135206937789917,0.16647320189407966,0.8823241746334244,0.2613065326633166,0.221119773210489,0.7386934673366834,22.097717503178547,2.826923076923077,0.6119138598442078,0.04985921704321867,0.8902180496668686,0.5138199858256556,0.10978195033313144,False,0.20049571636402824,0.22101074824307565,0.12186479563633354,0.13898840857487613,0.042800125373408895,0.047770358482855636,0.09944177868418921,0.11145068452776988,0.20049571636402824,0.22101074824307565,,,0.10540222248427168,,,,105.10988330942045,380.0,6.0,0.9353199585571631,0.9977973026408707,7.9817072357721495,2.7939929152165717,1.0138831592334983,,,,
XGBoost,15,0.4988522440625747,"{'n_estimators': 380, 'max_depth': 3, 'learning_rate': 0.09444880979145623, 'subsample': 0.9686783546146533, 'colsample_bytree': 0.768396903659042, 'min_child_weight': 6.432021126363049, 'gamma': 4.1231081179801805, 'reg_lambda': 1.848254936897593, 'scale_pos_weight': 152.10004390891388}",13.873301029205322,0.19250125233525417,0.896166159110887,0.2847571189279732,0.24096385542168675,0.7152428810720268,24.08084599705354,2.511764705882353,0.8023375868797302,0.04982529343917498,0.884789156626506,0.5421686746987951,0.11521084337349398,False,0.21321191874562206,0.23485944605208764,0.15399446141386122,0.1732193788166382,0.043116940911453405,0.048154135672784225,0.1086742544369663,0.12210403958147024,0.21321191874562206,0.23485944605208764,,,0.09444880979145623,,,,152.10004390891388,380.0,3.0,0.9686783546146533,0.768396903659042,6.432021126363049,4.1231081179801805,1.848254936897593,,,,
XGBoost,16,0.4912957308256051,"{'n_estimators': 380, 'max_depth': 3, 'learning_rate': 0.036538017687719415, 'subsample': 0.9137697682120032, 'colsample_bytree': 0.8642396983313831, 'min_child_weight': 8.820745151674101, 'gamma': 1.268167535643316, 'reg_lambda': 0.5130321148397692, 'scale_pos_weight': 51.58559031727901}",14.326804637908936,0.1858679423391641,0.8948755955804396,0.27889447236180903,0.23600283486888732,0.721105527638191,23.58506387358479,2.5855855855855854,0.5811751484870911,0.04982529343917498,0.8858564535585042,0.5364989369241673,0.11414354644149578,False,0.22874047670392972,0.2500997499220633,0.1505909323141981,0.16940428582907366,0.043575751958386796,0.04880062770216028,0.10593983814322797,0.11969060144678773,0.22874047670392972,0.2500997499220633,,,0.036538017687719415,,,,51.58559031727901,380.0,3.0,0.9137697682120032,0.8642396983313831,8.820745151674101,1.268167535643316,0.5130321148397692,,,,
XGBoost,17,0.46709356077894376,"{'n_estimators': 420, 'max_depth': 6, 'learning_rate': 0.12260454332588137, 'subsample': 0.9894560429842028, 'colsample_bytree': 0.7679052727219423, 'min_child_weight': 9.984837444766525, 'gamma': 3.0931766518069495, 'reg_lambda': 0.11898282792649148, 'scale_pos_weight': 157.8151001689054}",17.104612112045288,0.16157188121942145,0.873551599148116,0.2520938023450586,0.21332388377037562,0.7479061976549414,21.318631309156224,2.9667774086378738,0.6543431282043457,0.04991010244928421,0.892748786407767,0.5010630758327428,0.10725121359223301,False,0.19257503098227274,0.21269119470855727,0.1087302117209576,0.12530481966174442,0.04289436318313734,0.04802051429580362,0.08616494252599712,0.09713195823486528,0.19257503098227274,0.21269119470855727,,,0.12260454332588137,,,,157.8151001689054,420.0,6.0,0.9894560429842028,0.7679052727219423,9.984837444766525,3.0931766518069495,0.11898282792649148,,,,
XGBoost,18,0.4941984426922031,"{'n_estimators': 340, 'max_depth': 4, 'learning_rate': 0.10634268257646677, 'subsample': 0.7012086962723445, 'colsample_bytree': 0.8568406166779388, 'min_child_weight': 6.337698008118908, 'gamma': 0.7530141819888398, 'reg_lambda': 0.6893931672535427, 'scale_pos_weight': 110.87009486568724}",14.794193983078003,0.18724474078733258,0.894280477954009,0.28391959798994976,0.24025513819985825,0.7160804020100502,24.01001997941515,2.52212389380531,0.7476322650909424,0.04994402605332791,0.8858303249097473,0.5379163713678242,0.1141696750902527,False,0.20847028395926503,0.22995039272426623,0.13718883433085927,0.15544126305210185,0.04382878081371523,0.04883603469516834,0.09539741827877421,0.10944232749779284,0.20847028395926503,0.22995039272426623,,,0.10634268257646677,,,,110.87009486568724,340.0,4.0,0.7012086962723445,0.8568406166779388,6.337698008118908,0.7530141819888398,0.6893931672535427,,,,
XGBoost,19,0.4906188578772038,"{'n_estimators': 340, 'max_depth': 5, 'learning_rate': 0.04364010403199949, 'subsample': 0.829557335799903, 'colsample_bytree': 0.7640881690357239, 'min_child_weight': 8.573621650772862, 'gamma': 4.371825013250373, 'reg_lambda': 1.9686772282916907, 'scale_pos_weight': 133.6995526468449}",15.480530261993408,0.18791516160801494,0.8953627154539543,0.28391959798994976,0.24025513819985825,0.7160804020100502,24.01001997941515,2.52212389380531,0.7681437134742737,0.04982529343917498,0.8862573540503846,0.5343727852586818,0.11374264594961532,False,0.2085533957306574,0.22941821367807697,0.13749044752194742,0.15678323972228378,0.04397552310911289,0.04917757011568358,0.09657258301326098,0.11057527261982676,0.2085533957306574,0.22941821367807697,,,0.04364010403199949,,,,133.6995526468449,340.0,5.0,0.829557335799903,0.7640881690357239,8.573621650772862,4.371825013250373,1.9686772282916907,,,,
LightGBM,0,0.4751107372724044,"{'n_estimators': 180, 'learning_rate': 0.12719697780754663, 'max_depth': 9, 'num_leaves': 44, 'min_child_samples': 100, 'subsample': 0.7467983561008608, 'colsample_bytree': 0.6232334448672797, 'reg_lambda': 6.32320406940339, 'scale_pos_weight': 139.11204607092085}",13.751338005065918,0.13759089418031978,0.8707323456972488,0.2169179229480737,0.18355776045357902,0.7830820770519263,18.343938568343727,3.61003861003861,0.8007082702881609,0.04999491145939344,0.8931818181818182,0.49964564138908574,0.10681818181818181,True,0.1696618708433387,0.18932371969115447,0.1111846400493499,0.12891238681735873,0.04130791209966037,0.04604903634440298,0.08402281029399673,0.09690170841044388,0.1696618708433387,0.18932371969115447,,,0.12719697780754663,,,,139.11204607092085,180.0,9.0,0.7467983561008608,0.6232334448672797,,,6.32320406940339,44.0,100.0,,
LightGBM,1,0.4894813960556815,"{'n_estimators': 300, 'learning_rate': 0.020817372405552006, 'max_depth': 10, 'num_leaves': 55, 'min_child_samples': 100, 'subsample': 0.7545474901621302, 'colsample_bytree': 0.6733618039413735, 'reg_lambda': 0.4291160572073618, 'scale_pos_weight': 127.74448533813641}",23.529950857162476,0.17773203709212945,0.8935112464080288,0.2705192629815745,0.2289156626506024,0.7294807370184255,22.876803697200863,2.696594427244582,0.7678576943987967,0.04985921704321867,0.8857917733915925,0.5372076541459957,0.11420822660840742,False,0.21087414199242172,0.23225853773966448,0.14958760614963834,0.16844156316864597,0.04239746979399146,0.0475715983360849,0.10496435157452107,0.11899915805871512,0.21087414199242172,0.23225853773966448,,,0.020817372405552006,,,,127.74448533813641,300.0,10.0,0.7545474901621302,0.6733618039413735,,,0.4291160572073618,55.0,100.0,,
LightGBM,2,0.48070424998130495,"{'n_estimators': 220, 'learning_rate': 0.03524903007109208, 'max_depth': 8, 'num_leaves': 21, 'min_child_samples': 120, 'subsample': 0.8099085529881075, 'colsample_bytree': 0.7824279936868144, 'reg_lambda': 4.290650438469192, 'scale_pos_weight': 79.34918050535526}",16.796491622924805,0.18602342859882762,0.8923806118741076,0.28224455611390287,0.23883770375620128,0.7177554438860971,23.868367944138367,2.543026706231454,0.710088767324709,0.049918583350295136,0.8881846989588049,0.5251594613749114,0.11181530104119511,False,0.22855085960420093,0.24920304939855445,0.14531333659983614,0.16400010934288606,0.041329709940598716,0.046242072241079527,0.1018570069417527,0.11542084812202368,0.22855085960420093,0.24920304939855445,,,0.03524903007109208,,,,79.34918050535526,220.0,8.0,0.8099085529881075,0.7824279936868144,,,4.290650438469192,21.0,120.0,,
LightGBM,3,0.49416683769434594,"{'n_estimators': 260, 'learning_rate': 0.06334004778627128, 'max_depth': 4, 'num_leaves': 44, 'min_child_samples': 100, 'subsample': 0.7195154778955838, 'colsample_bytree': 0.9795542149013333, 'reg_lambda': 10.179442973721754, 'scale_pos_weight': 169.9703274078973}",16.10590696334839,0.18494227252942103,0.8932881524301249,0.28391959798994976,0.24025513819985825,0.7160804020100502,24.01001997941515,2.52212389380531,0.8278014932134307,0.04998643055838252,0.8859161280625282,0.5379163713678242,0.11408387193747181,False,0.2158144620915113,0.23705936264970456,0.14643654588521504,0.16550608807846628,0.044092836348372084,0.04928492613795296,0.10254777322983724,0.11696126328420324,0.2158144620915113,0.23705936264970456,,,0.06334004778627128,,,,169.9703274078973,260.0,4.0,0.7195154778955838,0.9795542149013333,,,10.179442973721754,44.0,100.0,,
LightGBM,4,0.4791040770593528,"{'n_estimators': 180, 'learning_rate': 0.024186471102292394, 'max_depth': 8, 'num_leaves': 36, 'min_child_samples': 80, 'subsample': 0.848553073033381, 'colsample_bytree': 0.6137554084460873, 'reg_lambda': 7.773953286728962, 'scale_pos_weight': 88.14836601745688}",15.506646633148193,0.17294527572086443,0.8912639939675129,0.2747068676716918,0.23245924875974486,0.7252931323283083,23.23093378539283,2.6402439024390243,0.7026288139896684,0.04985921704321867,0.8879323365050596,0.52586817859674,0.11206766349494034,False,0.22376296476849689,0.24461052155260746,0.1503865354550452,0.1691237482348899,0.04178589207655925,0.04696166060142915,0.10274968580053326,0.11600328402302813,0.22376296476849689,0.24461052155260746,,,0.024186471102292394,,,,88.14836601745688,180.0,8.0,0.848553073033381,0.6137554084460873,,,7.773953286728962,36.0,80.0,,
LightGBM,5,0.4855344151020558,"{'n_estimators': 300, 'learning_rate': 0.03668228790202562, 'max_depth': 7, 'num_leaves': 41, 'min_child_samples': 100, 'subsample': 0.9908753883293675, 'colsample_bytree': 0.9100531293444458, 'reg_lambda': 8.982321178991384, 'scale_pos_weight': 182.8372285338647}",21.913519620895386,0.1844301285867877,0.8907496883283905,0.28391959798994976,0.24025513819985825,0.7160804020100502,24.01001997941515,2.52212389380531,0.8293318554640379,0.04979985073614221,0.887143072971748,0.5294117647058824,0.11285692702825201,False,0.20759925349461472,0.22857814700785553,0.14453346118483154,0.16343398765411388,0.04356947206556716,0.04838602046760557,0.10441817306224085,0.11711091618865861,0.20759925349461472,0.22857814700785553,,,0.03668228790202562,,,,182.8372285338647,300.0,7.0,0.9908753883293675,0.9100531293444458,,,8.982321178991384,41.0,100.0,,
LightGBM,6,0.45917695083238114,"{'n_estimators': 260, 'learning_rate': 0.1202552664222476, 'max_depth': 4, 'num_leaves': 24, 'min_child_samples': 60, 'subsample': 0.7975990992289793, 'colsample_bytree': 0.7554709158757928, 'reg_lambda': 0.3665927045903196, 'scale_pos_weight': 172.9983828739533}",14.853318691253662,0.16100714437277291,0.8873840989609473,0.2562814070351759,0.21686746987951808,0.7437185929648241,21.672761397348186,2.9019607843137254,0.8318077055552774,0.04974896533007667,0.8904068002428658,0.5116938341601701,0.10959319975713418,False,0.21671426262190852,0.23713311285655228,0.13606943582356085,0.15404740492393237,0.04361671872929063,0.048500248041681404,0.0970923335330115,0.10971758210830757,0.21671426262190852,0.23713311285655228,,,0.1202552664222476,,,,172.9983828739533,260.0,4.0,0.7975990992289793,0.7554709158757928,,,0.3665927045903196,24.0,60.0,,
LightGBM,7,0.4847213621003897,"{'n_estimators': 180, 'learning_rate': 0.03454993217706444, 'max_depth': 7, 'num_leaves': 21, 'min_child_samples': 260, 'subsample': 0.7223651931039312, 'colsample_bytree': 0.9947547746402069, 'reg_lambda': 4.0330800458792, 'scale_pos_weight': 79.20654732624506}",15.670523166656494,0.17984713641138764,0.8912737611284929,0.27889447236180903,0.23600283486888732,0.721105527638191,23.58506387358479,2.5855855855855854,0.7131048926564524,0.04990162154827329,0.8872135102533173,0.5301204819277109,0.11278648974668275,False,0.20680691106307078,0.22824466453454503,0.1457058148260587,0.1643241707036217,0.04136618544271224,0.046520763495229114,0.10776278233905352,0.12093255405588978,0.20680691106307078,0.22824466453454503,,,0.03454993217706444,,,,79.20654732624506,180.0,7.0,0.7223651931039312,0.9947547746402069,,,4.0330800458792,21.0,260.0,,
LightGBM,8,0.49443596833082365,"{'n_estimators': 100, 'learning_rate': 0.0977630743974025, 'max_depth': 8, 'num_leaves': 50, 'min_child_samples': 260, 'subsample': 0.7222133955202271, 'colsample_bytree': 0.7433862914177091, 'reg_lambda': 0.17414570810812344, 'scale_pos_weight': 178.1144634103688}",11.640461683273315,0.16413685989707558,0.8763234172547038,0.25963149078726966,0.21970233876683204,0.7403685092127303,21.956065467901755,2.8516129032258064,0.8555448032158773,0.04961327091390189,0.8912248628884827,0.5060240963855421,0.10877513711151737,True,0.17786023589904254,0.1985234948441184,0.13208534713060538,0.15070192467025686,0.0384277279703463,0.043207212680790676,0.0978569834502038,0.11026147760576545,0.17786023589904254,0.1985234948441184,,,0.0977630743974025,,,,178.1144634103688,100.0,8.0,0.7222133955202271,0.7433862914177091,,,0.17414570810812344,50.0,260.0,,
LightGBM,9,0.48359642478813963,"{'n_estimators': 260, 'learning_rate': 0.03807774910037746, 'max_depth': 4, 'num_leaves': 30, 'min_child_samples': 140, 'subsample': 0.9188818535014192, 'colsample_bytree': 0.8550229885420852, 'reg_lambda': 6.993202362581504, 'scale_pos_weight': 119.92259073343072}",15.88448452949524,0.18746128660712233,0.8904964213362592,0.2797319932998325,0.23671155209071582,0.7202680067001674,23.655889891223186,2.5748502994011977,0.7686881883553963,0.04991010244928421,0.8874981149147941,0.5287030474840538,0.11250188508520585,False,0.2218573854439072,0.2427954429496086,0.15037764363952413,0.16862843084766393,0.043669989768115265,0.04879721031395763,0.09996241352173556,0.11277730950394457,0.2218573854439072,0.2427954429496086,,,0.03807774910037746,,,,119.92259073343072,260.0,4.0,0.9188818535014192,0.8550229885420852,,,6.993202362581504,30.0,140.0,,
LightGBM,10,0.4693407592690441,"{'n_estimators': 100, 'learning_rate': 0.07902821285690813, 'max_depth': 6, 'num_leaves': 60, 'min_child_samples': 300, 'subsample': 0.9070741220707436, 'colsample_bytree': 0.7031707810405968, 'reg_lambda': 0.10546511255586115, 'scale_pos_weight': 193.9259754833321}",11.307863712310791,0.16704082084315433,0.8791217659757937,0.2613065326633166,0.221119773210489,0.7386934673366834,22.097717503178547,2.826923076923077,0.8540508007006654,0.04991010244928421,0.8891071158785315,0.520198440822112,0.1108928841214685,False,0.20717711083571314,0.22829681686647374,0.12449841351627453,0.14212131649619672,0.04337785649970043,0.0485013830849266,0.09068876679865753,0.1034518411844263,0.20717711083571314,0.22829681686647374,,,0.07902821285690813,,,,193.9259754833321,100.0,6.0,0.9070741220707436,0.7031707810405968,,,0.10546511255586115,60.0,300.0,,
LightGBM,11,0.4670441837805947,"{'n_estimators': 380, 'learning_rate': 0.07033614133970262, 'max_depth': 5, 'num_leaves': 49, 'min_child_samples': 200, 'subsample': 0.7092880018461221, 'colsample_bytree': 0.9760875973138388, 'reg_lambda': 1.5558791081123438, 'scale_pos_weight': 159.89396196787717}",21.206066370010376,0.175260830596496,0.8861323937047987,0.2705192629815745,0.2289156626506024,0.7294807370184255,22.876803697200863,2.696594427244582,0.7983667933870179,0.04999491145939344,0.8902144367260646,0.5152374202693125,0.10978556327393536,False,0.21348132981302873,0.23429102935097149,0.12568855078854382,0.1436708189983289,0.04278332983669779,0.047567045904637055,0.09442193171006731,0.10764986566766134,0.21348132981302873,0.23429102935097149,,,0.07033614133970262,,,,159.89396196787717,380.0,5.0,0.7092880018461221,0.9760875973138388,,,1.5558791081123438,49.0,200.0,,
LightGBM,12,0.467525461760855,"{'n_estimators': 100, 'learning_rate': 0.08201608436645652, 'max_depth': 6, 'num_leaves': 50, 'min_child_samples': 200, 'subsample': 0.7823454919847442, 'colsample_bytree': 0.8510571781023799, 'reg_lambda': 0.11744408321547159, 'scale_pos_weight': 152.82714638929772}",11.495662689208984,0.16931532591841475,0.8794726925566035,0.27721943048576214,0.23458540042523032,0.7227805695142379,23.443411838308005,2.607250755287009,0.8378528005923548,0.04985921704321867,0.8902180496668686,0.5138199858256556,0.10978195033313144,False,0.2140716353419371,0.23468570687999024,0.12175233619207651,0.1400793356465559,0.04204969209349761,0.04691712422859129,0.0818833174765378,0.09378474137842846,0.2140716353419371,0.23468570687999024,,,0.08201608436645652,,,,152.82714638929772,100.0,6.0,0.7823454919847442,0.8510571781023799,,,0.11744408321547159,50.0,200.0,,
LightGBM,13,0.49059115834180334,"{'n_estimators': 380, 'learning_rate': 0.05777102392908846, 'max_depth': 9, 'num_leaves': 63, 'min_child_samples': 240, 'subsample': 0.707664848443163, 'colsample_bytree': 0.7322318671941304, 'reg_lambda': 1.262457964669413, 'scale_pos_weight': 198.24146469529407}",23.436580419540405,0.16994723199972686,0.884883489369891,0.26800670016750416,0.22678951098511693,0.7319932998324958,22.664325644285686,2.73125,0.7704722426409887,0.04998643055838252,0.8893918816960917,0.5194897236002834,0.11060811830390825,False,0.19327549975753003,0.2141897478296817,0.12528845100616032,0.14297917251030565,0.04465088750926119,0.049715558821078,0.08929196471569353,0.10238810138790655,0.19327549975753003,0.2141897478296817,,,0.05777102392908846,,,,198.24146469529407,380.0,9.0,0.707664848443163,0.7322318671941304,,,1.262457964669413,63.0,240.0,,
LightGBM,14,0.47290743978176913,"{'n_estimators': 140, 'learning_rate': 0.0988786194600389, 'max_depth': 6, 'num_leaves': 35, 'min_child_samples': 160, 'subsample': 0.8593372091054381, 'colsample_bytree': 0.8235194332173258, 'reg_lambda': 0.40905491702806035, 'scale_pos_weight': 104.73892461034073}",12.84454607963562,0.1725954179268358,0.8841207372082408,0.26549413735343386,0.22466335931963147,0.7345058626465661,22.45184759137051,2.7665615141955837,0.7643622177987608,0.04930795847750865,0.8874980918943672,0.5223245924875974,0.11250190810563272,False,0.20481517470529512,0.2257175861100317,0.12903765661531924,0.1472276084262993,0.041098478926208624,0.046002217626607673,0.09352925285128676,0.10624166593511271,0.20481517470529512,0.2257175861100317,,,0.0988786194600389,,,,104.73892461034073,140.0,6.0,0.8593372091054381,0.8235194332173258,,,0.40905491702806035,35.0,160.0,,
LightGBM,15,0.48281363374414704,"{'n_estimators': 300, 'learning_rate': 0.05076377473558391, 'max_depth': 5, 'num_leaves': 47, 'min_child_samples': 300, 'subsample': 0.7640689832796725, 'colsample_bytree': 0.9018097641470294, 'reg_lambda': 2.4784769547934657, 'scale_pos_weight': 166.61979156256993}",18.427774667739868,0.18454084888644218,0.8920189263898184,0.2747068676716918,0.23245924875974486,0.7252931323283083,23.23093378539283,2.6402439024390243,0.815273627909447,0.04994402605332791,0.8874321880650995,0.5294117647058824,0.11256781193490054,False,0.20959575370497427,0.23082173744168316,0.13276312305583293,0.15149008011316326,0.046402409531157776,0.05143686870106361,0.09726558370626168,0.11099146139738464,0.20959575370497427,0.23082173744168316,,,0.05076377473558391,,,,166.61979156256993,300.0,5.0,0.7640689832796725,0.9018097641470294,,,2.4784769547934657,47.0,300.0,,
LightGBM,16,0.45809376081994885,"{'n_estimators': 340, 'learning_rate': 0.05951343062005607, 'max_depth': 10, 'num_leaves': 55, 'min_child_samples': 240, 'subsample': 0.8548085916053562, 'colsample_bytree': 0.9310719413983027, 'reg_lambda': 0.6431638390333236, 'scale_pos_weight': 51.58559031727901}",22.40935969352722,0.17132204060459527,0.8824376299753679,0.2696817420435511,0.22820694542877393,0.7303182579564489,22.805977679562474,2.7080745341614905,0.5514941654697796,0.04999491145939344,0.8918305597579426,0.5067328136073707,0.10816944024205749,False,0.20367476695942668,0.22416287722199255,0.13348623255882833,0.1514142293112124,0.039681334532223084,0.044255765176689,0.10084745762711865,0.11340489953206716,0.20367476695942668,0.22416287722199255,,,0.05951343062005607,,,,51.58559031727901,340.0,10.0,0.8548085916053562,0.9310719413983027,,,0.6431638390333236,55.0,240.0,,
LightGBM,17,0.48079851634326776,"{'n_estimators': 220, 'learning_rate': 0.09670610655277376, 'max_depth': 8, 'num_leaves': 54, 'min_child_samples': 180, 'subsample': 0.8140548179158332, 'colsample_bytree': 0.6754690683221751, 'reg_lambda': 0.751950389918805, 'scale_pos_weight': 144.28166231553598}",16.21969962120056,0.16152532639062517,0.8805631885668175,0.24455611390284757,0.2069454287739192,0.7554438860971524,20.68119715041069,3.089041095890411,0.749720093927571,0.04980833163715313,0.8895789154801576,0.5166548547129696,0.11042108451984248,False,0.1804074847687695,0.20059054434742116,0.12820990710382654,0.14714119247222548,0.04605251395512802,0.051105622220557465,0.0917779578796528,0.10447451706138462,0.1804074847687695,0.20059054434742116,,,0.09670610655277376,,,,144.28166231553598,220.0,8.0,0.8140548179158332,0.6754690683221751,,,0.751950389918805,54.0,180.0,,
LightGBM,18,0.4829760511267311,"{'n_estimators': 140, 'learning_rate': 0.04840434851515267, 'max_depth': 5, 'num_leaves': 15, 'min_child_samples': 260, 'subsample': 0.7294510943947045, 'colsample_bytree': 0.7702687991494629, 'reg_lambda': 0.23620227673179706, 'scale_pos_weight': 179.51945805507364}",12.254961013793945,0.1794529220918117,0.8877323448317281,0.2705192629815745,0.2289156626506024,0.7294807370184255,22.876803697200863,2.696594427244582,0.8375745125041255,0.0499779496573716,0.8872327612165011,0.5308291991495393,0.11276723878349895,False,0.2236893807022724,0.24468739224213118,0.1518554212499199,0.1703920815638083,0.04306155199709287,0.04832204125799475,0.099333427299529,0.11298209703093771,0.2236893807022724,0.24468739224213118,,,0.04840434851515267,,,,179.51945805507364,140.0,5.0,0.7294510943947045,0.7702687991494629,,,0.23620227673179706,15.0,260.0,,
LightGBM,19,0.4666021101763919,"{'n_estimators': 140, 'learning_rate': 0.0995233699480034, 'max_depth': 9, 'num_leaves': 41, 'min_child_samples': 220, 'subsample': 0.7015074691011468, 'colsample_bytree': 0.8170309282184145, 'reg_lambda': 0.22521158940430294, 'scale_pos_weight': 155.99929325989714}",12.955787181854248,0.17829105597385717,0.8845285958190828,0.271356783919598,0.2296243798724309,0.728643216080402,22.94762971483926,2.685185185185185,0.8293923800226168,0.04996946875636068,0.8902991840435177,0.5145287030474841,0.10970081595648232,False,0.2794439069834104,0.2792546066144732,0.13582077776640147,0.15353647588417874,0.04177486539723084,0.04649106849384821,0.09229007364600585,0.10503825372955723,0.2794439069834104,0.2792546066144732,,,0.0995233699480034,,,,155.99929325989714,140.0,9.0,0.7015074691011468,0.8170309282184145,,,0.22521158940430294,41.0,220.0,,
Logistic Regression,0,0.4412849726919669,"{'C': 0.04715696678089838, 'class_weight': 'balanced'}",54.36056876182556,0.14998759531162686,0.8771578273198636,0.23953098827470687,0.20269312544294826,0.7604690117252931,20.25624104458033,3.174825174825175,0.6772417420404199,0.04915530225931203,0.8916923076923077,0.49893692416725727,0.10830769230769231,False,0.23519586184600463,0.2548057048367094,0.14699951972706404,0.16659433553814507,0.04949447396096607,0.054549450574576164,0.11517142957820924,0.12926065945485313,0.23519586184600463,0.2548057048367094,,,,,,,,,,,,,,,,,0.04715696678089838,balanced
Logistic Regression,1,0.441265543429506,"{'C': 0.18059898057785262, 'class_weight': 'balanced'}",59.08663749694824,0.1500405110613828,0.8771640903240121,0.23953098827470687,0.20269312544294826,0.7604690117252931,20.25624104458033,3.174825174825175,0.6765482457294052,0.04925707307144311,0.8918918918918919,0.49893692416725727,0.10810810810810811,False,0.23519586184600463,0.2548057048367094,0.14717997953797285,0.1667677990253227,0.04959185171710434,0.054645394872058314,0.11517142957820924,0.12926065945485313,0.23519586184600463,0.2548057048367094,,,,,,,,,,,,,,,,,0.18059898057785262,balanced
Logistic Regression,2,0.44096071906038975,"{'C': 0.007081203049440493, 'class_weight': 'balanced'}",74.09409427642822,0.14981909990587636,0.8771355882456323,0.23869346733668342,0.20198440822111977,0.7613065326633166,20.18541502694194,3.1894736842105265,0.6743637506656367,0.049553904606825426,0.892469833511532,0.49893692416725727,0.107530166488468,False,0.23718950374481385,0.2567176519222819,0.14781222400583374,0.16737854821099046,0.050003671618032756,0.05505087272678323,0.11545391545391545,0.12953591406536785,0.23718950374481385,0.2567176519222819,,,,,,,,,,,,,,,,,0.007081203049440493,balanced
Logistic Regression,3,0.43930551232524695,"{'C': 0.3478702825799608, 'class_weight': None}",37.361745834350586,0.15586974669472473,0.8778838669773501,0.24790619765494137,0.20978029766123316,0.7520938023450586,20.96450122096426,3.0337837837837838,0.022582229229253105,0.04994402605332791,0.8940337027478367,0.49468462083628634,0.10596629725216335,False,0.23627350611563122,0.2555291442744936,0.13998044311242394,0.158949641640832,0.0512800980917218,0.05622962921145952,0.11006789057636515,0.12371702684101203,0.23627350611563122,0.2555291442744936,,,,,,,,,,,,,,,,,0.3478702825799608,
Logistic Regression,4,0.44126556622645713,"{'C': 0.7328847670948928, 'class_weight': 'balanced'}",63.79234004020691,0.15004279075648885,0.8771699626417212,0.23953098827470687,0.20269312544294826,0.7604690117252931,20.25624104458033,3.174825174825175,0.6764769244111587,0.04925707307144311,0.8918918918918919,0.49893692416725727,0.10810810810810811,False,0.23535750848644862,0.25496072757337745,0.1472405562280625,0.16682803817474592,0.04960576282512409,0.05465910120027005,0.11517142957820924,0.12926065945485313,0.23535750848644862,0.25496072757337745,,,,,,,,,,,,,,,,,0.7328847670948928,balanced
Logistic Regression,5,0.43976298729564783,"{'C': 0.01500374041475608, 'class_weight': None}",59.518707275390625,0.15363342289562898,0.877633064315066,0.24455611390284757,0.2069454287739192,0.7554438860971524,20.68119715041069,3.089041095890411,0.02315468036421612,0.04986769794422959,0.8936170212765957,0.4961020552799433,0.10638297872340426,False,0.2391292634301417,0.25842290202563045,0.14787407095528354,0.1668352921358379,0.0528226979756036,0.05785957174234492,0.11402269283625216,0.1283963552197624,0.2391292634301417,0.25842290202563045,,,,,,,,,,,,,,,,,0.01500374041475608,
Logistic Regression,6,0.43995031991312217,"{'C': 0.06651458041089256, 'class_weight': None}",29.966962337493896,0.1560464085840954,0.8780637510350786,0.24958123953098826,0.21119773210489015,0.7504187604690118,21.106153256241043,3.0067114093959733,0.023804254347978643,0.049146821358301104,0.8924996149699677,0.49468462083628634,0.10750038503003234,False,0.2329328088797888,0.2523253410500207,0.14212329405444574,0.16084102461691482,0.0512454849474257,0.05621594740018189,0.11102458390593983,0.12519569365708222,0.2329328088797888,0.2523253410500207,,,,,,,,,,,,,,,,,0.06651458041089256,
Logistic Regression,7,0.4397838087373931,"{'C': 0.01153297626310632, 'class_weight': None}",56.05639576911926,0.15384659246769533,0.877852660146699,0.24204355108877723,0.20481927710843373,0.7579564489112227,20.468719097495512,3.131487889273356,0.023182660238521023,0.04970656082502205,0.8931728131667175,0.4968107725017718,0.10682718683328253,False,0.23778220809310846,0.2571310458867301,0.14775545809382457,0.16713648788295396,0.052369400268334414,0.05739812127306082,0.11226376311122074,0.126123851252123,0.23778220809310846,0.2571310458867301,,,,,,,,,,,,,,,,,0.01153297626310632,
Logistic Regression,8,0.4413068959079844,"{'C': 0.07685842198308468, 'class_weight': 'balanced'}",69.62604880332947,0.1500094220775418,0.8771626477894672,0.23953098827470687,0.20269312544294826,0.7604690117252931,20.25624104458033,3.174825174825175,0.6771526756321815,0.049045050546170026,0.8914752582087251,0.49893692416725727,0.10852474179127486,False,0.23471092192467266,0.25434063662670525,0.14639756360424797,0.16601370592718892,0.04942203399217596,0.054478636588560045,0.11517142957820924,0.12926065945485313,0.23471092192467266,0.25434063662670525,,,,,,,,,,,,,,,,,0.07685842198308468,balanced
Logistic Regression,9,0.4412790033939072,"{'C': 0.10890275402351128, 'class_weight': 'balanced'}",79.37316703796387,0.1500567644743326,0.8771691872794034,0.23953098827470687,0.20269312544294826,0.7604690117252931,20.25624104458033,3.174825174825175,0.6769695548651237,0.04918922586335572,0.8917589175891759,0.49893692416725727,0.10824108241082411,False,0.23519586184600463,0.2548057048367094,0.14699951972706404,0.16659433553814507,0.04953620728502532,0.05459056955921136,0.11517142957820924,0.12926065945485313,0.23519586184600463,0.2548057048367094,,,,,,,,,,,,,,,,,0.10890275402351128,balanced
Logistic Regression,10,0.4414927327506011,"{'C': 1.4396999594498514, 'class_weight': 'balanced'}",64.37051796913147,0.15010090457420722,0.8771658153549051,0.2403685092127303,0.20340184266477676,0.7596314907872697,20.327067062218724,3.1602787456445993,0.6760958548743478,0.04935036298256327,0.8920741989881956,0.49893692416725727,0.10792580101180438,False,0.23557303734037394,0.2551674245556015,0.1471194028478832,0.1667075598758995,0.04963646946985494,0.05468879620165096,0.11517142957820924,0.12926065945485313,0.23557303734037394,0.2551674245556015,,,,,,,,,,,,,,,,,1.4396999594498514,balanced
Logistic Regression,11,0.44127077164813516,"{'C': 1.6663404253957999, 'class_weight': 'balanced'}",65.22865152359009,0.15006506233845637,0.8771505485309734,0.23953098827470687,0.20269312544294826,0.7604690117252931,20.25624104458033,3.174825174825175,0.6768206557370507,0.04923163036841034,0.8918420648333077,0.49893692416725727,0.10815793516669227,False,0.23519586184600463,0.2548057048367094,0.14672819488102076,0.1663305133268326,0.049564029501064824,0.05461798221563484,0.11517142957820924,0.12926065945485313,0.23519586184600463,0.2548057048367094,,,,,,,,,,,,,,,,,1.6663404253957999,balanced
Logistic Regression,12,0.4412929407498393,"{'C': 0.030157870383878627, 'class_weight': 'balanced'}",73.98916125297546,0.149950623636915,0.8771519189387909,0.23953098827470687,0.20269312544294826,0.7604690117252931,20.25624104458033,3.174825174825175,0.6768978271879428,0.04911289775425741,0.8916089299461124,0.49893692416725727,0.10839107005388761,False,0.2351419796325233,0.25475403059115337,0.1466386001052464,0.16624740856378978,0.04941100731284753,0.05446721260530575,0.11517142957820924,0.12926065945485313,0.2351419796325233,0.25475403059115337,,,,,,,,,,,,,,,,,0.030157870383878627,balanced
Logistic Regression,13,0.44126972982256746,"{'C': 0.31940752231666697, 'class_weight': 'balanced'}",147.93542885780334,0.14996087978168915,0.8771773195678992,0.23953098827470687,0.20269312544294826,0.7604690117252931,20.25624104458033,3.174825174825175,0.6766356250418945,0.04923163036841034,0.8918420648333077,0.49893692416725727,0.10815793516669227,False,0.23524974405948595,0.2548573790822654,0.1472405562280625,0.16682803817474592,0.049564029501064824,0.05461798221563484,0.11517142957820924,0.12926065945485313,0.23524974405948595,0.2548573790822654,,,,,,,,,,,,,,,,,0.31940752231666697,balanced
Logistic Regression,14,0.441512430734608,"{'C': 1.4555315251656045, 'class_weight': 'balanced'}",73.27715563774109,0.14991550264746842,0.8771499775277161,0.2403685092127303,0.20340184266477676,0.7596314907872697,20.327067062218724,3.1602787456445993,0.6765708880383743,0.049240111269421266,0.8918586789554531,0.49893692416725727,0.10814132104454685,False,0.23535750848644862,0.25496072757337745,0.14678877157111042,0.16639075247625582,0.04957794060908459,0.05463168854384658,0.11517142957820924,0.12926065945485313,0.23535750848644862,0.25496072757337745,,,,,,,,,,,,,,,,,1.4555315251656045,balanced
Logistic Regression,15,0.44127766248744343,"{'C': 1.9438528209591879, 'class_weight': 'balanced'}",84.55654072761536,0.15008907057263873,0.8771608987163317,0.23953098827470687,0.20269312544294826,0.7604690117252931,20.25624104458033,3.174825174825175,0.6764929766459638,0.04919770676436665,0.8917755572636433,0.49893692416725727,0.10822444273635665,False,0.2351419796325233,0.25475403059115337,0.14672819488102076,0.1663305133268326,0.04947504951328211,0.05453003225473729,0.11525963763661691,0.12926065945485313,0.2351419796325233,0.25475403059115337,,,,,,,,,,,,,,,,,1.9438528209591879,balanced
Logistic Regression,16,0.44128127284003027,"{'C': 0.6568117492880449, 'class_weight': 'balanced'}",66.21159863471985,0.15011726116658855,0.8771741520024615,0.23953098827470687,0.20269312544294826,0.7604690117252931,20.25624104458033,3.174825174825175,0.6767321986485919,0.0491807449623448,0.8917422727971706,0.49893692416725727,0.10825772720282946,False,0.23508809741904196,0.25470235634559735,0.14699951972706404,0.16659433553814507,0.049541720624689534,0.05459628155083852,0.11517142957820924,0.12926065945485313,0.23508809741904196,0.25470235634559735,,,,,,,,,,,,,,,,,0.6568117492880449,balanced
Logistic Regression,17,0.4412849083267984,"{'C': 0.9883012315069012, 'class_weight': 'balanced'}",77.42909717559814,0.1499811587947717,0.8771522495196241,0.23953098827470687,0.20269312544294826,0.7604690117252931,20.25624104458033,3.174825174825175,0.6770674789569936,0.04915530225931203,0.8916923076923077,0.49893692416725727,0.10830769230769231,False,0.2351419796325233,0.25475403059115337,0.14684934826120005,0.16645099162567903,0.0494805628529463,0.054535744246364426,0.11517142957820924,0.12926065945485313,0.2351419796325233,0.25475403059115337,,,,,,,,,,,,,,,,,0.9883012315069012,balanced
Logistic Regression,18,0.437924210453719,"{'C': 0.3119652880353533, 'class_weight': None}",36.221232175827026,0.1557387953750233,0.877953703680997,0.24790619765494137,0.20978029766123316,0.7520938023450586,20.96450122096426,3.0337837837837838,0.023348401983791674,0.04960479001289097,0.893659281894576,0.49326718639262934,0.10634071810542399,False,0.23363327765504607,0.2528937577511368,0.141729545568863,0.16044947014566394,0.05220509588307022,0.0571354186920804,0.11137108425244019,0.12499090613008908,0.23363327765504607,0.2528937577511368,,,,,,,,,,,,,,,,,0.3119652880353533,
Logistic Regression,19,0.4412837047016881,"{'C': 1.0429415195691432, 'class_weight': 'balanced'}",69.23374724388123,0.15002739787166192,0.877163104592073,0.23953098827470687,0.20269312544294826,0.7604690117252931,20.25624104458033,3.174825174825175,0.6768891542083695,0.04916378316032295,0.8917089678510999,0.49893692416725727,0.10829103214890017,False,0.23519586184600463,0.2548057048367094,0.14678877157111042,0.16639075247625582,0.04957505618039325,0.05462940619888913,0.11517142957820924,0.12926065945485313,0.23519586184600463,0.2548057048367094,,,,,,,,,,,,,,,,,1.0429415195691432,balanced
