model,stage,model_family,feature_set,balance_policy,train_strategy,anomaly_policy,split,threshold_policy,threshold,alerts,alert_count,tp,fp,fn,tn,precision,fdr,recall_tpr,fpr,fnr,tnr,specificity_tnr,alert_rate,fraud_prevalence,lift,precision_lift,fp_per_tp,pr_auc,roc_auc,pr_auc_lift,n_obs
balance_gate | XGBoost | class_weight,balance_gate,XGBoost,baseline_eda_onehot,class_weight,train_sample,without_anomaly_scores,validation,default_0_50,0.5,22294,22294,1198,21096,252,85622,0.05373643132681439,0.9462635686731856,0.8262068965517242,0.19767986656421596,0.17379310344827587,0.802320133435784,0.802320133435784,0.20610531765401968,0.013405073589231566,4.00866365776473,4.00866365776473,17.609348914858096,0.1811417319058832,0.8912883648881907,13.512923349514189,108168
balance_gate | XGBoost | class_weight,balance_gate,XGBoost,baseline_eda_onehot,class_weight,train_sample,without_anomaly_scores,validation,valid_global_5pct_fpr,0.7965519428253174,6025,6025,748,5277,702,101441,0.12414937759336099,0.875850622406639,0.5158620689655172,0.0494480781124084,0.48413793103448277,0.9505519218875916,0.9505519218875916,0.055700391982841505,0.013405073589231566,9.261372327943912,9.261372327943912,7.054812834224599,0.1811417319058832,0.8912883648881907,13.512923349514189,108168
balance_gate | XGBoost | class_weight,balance_gate,XGBoost,baseline_eda_onehot,class_weight,train_sample,without_anomaly_scores,test,default_0_50,0.5,17704,17704,1143,16561,285,78854,0.06456168097605061,0.9354383190239494,0.8004201680672269,0.17356809725934078,0.19957983193277312,0.8264319027406593,0.8264319027406593,0.18281135446031205,0.014745515938167962,4.378394167201449,4.378394167201449,14.489063867016624,0.20596460776458408,0.8943105827983343,13.967948536236426,96843
balance_gate | XGBoost | class_weight,balance_gate,XGBoost,baseline_eda_onehot,class_weight,train_sample,without_anomaly_scores,test,valid_global_5pct_fpr,0.7965519428253174,4711,4711,759,3952,669,91463,0.16111229038420719,0.8388877096157928,0.5315126050420168,0.04141906408845569,0.4684873949579832,0.9585809359115443,0.9585809359115443,0.0486457462077796,0.014745515938167962,10.926188751875193,10.926188751875193,5.206851119894599,0.20596460776458408,0.8943105827983343,13.967948536236426,96843
balance_gate | XGBoost | random_undersampling,balance_gate,XGBoost,baseline_eda_onehot,random_undersampling,train_sample,without_anomaly_scores,validation,default_0_50,0.5,84734,84734,1437,83297,13,23421,0.016958953902801707,0.9830410460971983,0.9910344827586207,0.7805337431361158,0.00896551724137931,0.21946625686388427,0.21946625686388427,0.7833555210413431,0.013405073589231566,1.2651145694884518,1.2651145694884518,57.96590118302018,0.1737916640773921,0.8875210270574527,12.964618427533344,108168
balance_gate | XGBoost | random_undersampling,balance_gate,XGBoost,baseline_eda_onehot,random_undersampling,train_sample,without_anomaly_scores,validation,valid_global_5pct_fpr,0.9867473840713501,6031,6031,742,5289,708,101429,0.1230310064665893,0.8769689935334107,0.5117241379310344,0.049560523997826046,0.4882758620689655,0.9504394760021739,0.9504394760021739,0.05575586125286591,0.013405073589231566,9.177943384467607,9.177943384467607,7.1280323450134775,0.1737916640773921,0.8875210270574527,12.964618427533344,108168
balance_gate | XGBoost | random_undersampling,balance_gate,XGBoost,baseline_eda_onehot,random_undersampling,train_sample,without_anomaly_scores,test,default_0_50,0.5,70279,70279,1411,68868,17,26547,0.02007712118840621,0.9799228788115938,0.9880952380952381,0.7217733060839491,0.011904761904761904,0.2782266939160509,0.2782266939160509,0.7257003603771052,0.014745515938167962,1.3615746829473547,1.3615746829473547,48.80793763288448,0.20512043684368514,0.8905856305735624,13.910699205359244,96843
balance_gate | XGBoost | random_undersampling,balance_gate,XGBoost,baseline_eda_onehot,random_undersampling,train_sample,without_anomaly_scores,test,valid_global_5pct_fpr,0.9867473840713501,4399,4399,724,3675,704,91740,0.16458285974085018,0.8354171402591498,0.5070028011204482,0.03851595661059582,0.49299719887955185,0.9614840433894042,0.9614840433894042,0.04542403684313786,0.014745515938167962,11.161553141374759,11.161553141374759,5.0759668508287294,0.20512043684368514,0.8905856305735624,13.910699205359244,96843
balance_gate | XGBoost | random_oversampling,balance_gate,XGBoost,baseline_eda_onehot,random_oversampling,train_sample,without_anomaly_scores,validation,default_0_50,0.5,70778,70778,1421,69357,29,37361,0.020076860041255758,0.9799231399587442,0.98,0.6499091062426208,0.02,0.3500908937573793,0.3500908937573793,0.6543339989645737,0.013405073589231566,1.4977060668569329,1.4977060668569329,48.80858550316678,0.17647995444291292,0.8891045462388467,13.165161180814486,108168
balance_gate | XGBoost | random_oversampling,balance_gate,XGBoost,baseline_eda_onehot,random_oversampling,train_sample,without_anomaly_scores,validation,valid_global_5pct_fpr,0.9689190983772278,6088,6088,756,5332,694,101386,0.12417871222076216,0.8758212877792378,0.5213793103448275,0.04996345508723927,0.4786206896551724,0.9500365449127607,0.9500365449127607,0.056282819318097775,0.013405073589231566,9.263560650686482,9.263560650686482,7.052910052910053,0.17647995444291292,0.8891045462388467,13.165161180814486,108168
balance_gate | XGBoost | random_oversampling,balance_gate,XGBoost,baseline_eda_onehot,random_oversampling,train_sample,without_anomaly_scores,test,default_0_50,0.5,58246,58246,1388,56858,40,38557,0.02382996257253717,0.9761700374274628,0.9719887955182073,0.5959021118272808,0.028011204481792718,0.4040978881727192,0.4040978881727192,0.6014477040157781,0.014745515938167962,1.616081978579984,1.616081978579984,40.96397694524496,0.19408142162707456,0.8916278197072467,13.162063805763854,96843
balance_gate | XGBoost | random_oversampling,balance_gate,XGBoost,baseline_eda_onehot,random_oversampling,train_sample,without_anomaly_scores,test,valid_global_5pct_fpr,0.9689190983772278,4473,4473,728,3745,700,91670,0.162754303599374,0.837245696400626,0.5098039215686274,0.03924959387936907,0.49019607843137253,0.9607504061206309,0.9607504061206309,0.046188160218084945,0.014745515938167962,11.037545534645783,11.037545534645783,5.144230769230769,0.19408142162707456,0.8916278197072467,13.162063805763854,96843
balance_gate | XGBoost | smote,balance_gate,XGBoost,baseline_eda_onehot,smote,train_sample,without_anomaly_scores,validation,default_0_50,0.5,26121,26121,1238,24883,212,81835,0.04739481643122392,0.9526051835687761,0.8537931034482759,0.23316591390393374,0.14620689655172414,0.7668340860960663,0.7668340860960663,0.2414854670512536,0.013405073589231566,3.535587933608709,3.535587933608709,20.09935379644588,0.16352584523285227,0.8871653717079689,12.198802501480802,108168
balance_gate | XGBoost | smote,balance_gate,XGBoost,baseline_eda_onehot,smote,train_sample,without_anomaly_scores,validation,valid_global_5pct_fpr,0.8540791869163513,6059,6059,724,5335,726,101383,0.1194916652913022,0.8805083347086978,0.4993103448275862,0.04999156655859368,0.5006896551724138,0.9500084334414063,0.9500084334414063,0.05601471784631314,0.013405073589231566,8.913913414641087,8.913913414641087,7.3687845303867405,0.16352584523285227,0.8871653717079689,12.198802501480802,108168
balance_gate | XGBoost | smote,balance_gate,XGBoost,baseline_eda_onehot,smote,train_sample,without_anomaly_scores,test,default_0_50,0.5,20627,20627,1176,19451,252,75964,0.05701265331846609,0.9429873466815339,0.8235294117647058,0.2038568359272651,0.17647058823529413,0.7961431640727349,0.7961431640727349,0.2129942277707217,0.014745515938167962,3.8664400457424453,3.8664400457424453,16.53996598639456,0.19662442219199244,0.8893829601221613,13.334523052058211,96843
balance_gate | XGBoost | smote,balance_gate,XGBoost,baseline_eda_onehot,smote,train_sample,without_anomaly_scores,test,valid_global_5pct_fpr,0.8540791869163513,4777,4777,729,4048,699,91367,0.1526062382248273,0.8473937617751727,0.5105042016806722,0.04242519519991616,0.4894957983193277,0.9575748048000838,0.9575748048000838,0.04932726165029997,0.014745515938167962,10.349331882637921,10.349331882637921,5.55281207133059,0.19662442219199244,0.8893829601221613,13.334523052058211,96843
balance_gate | LightGBM | class_weight,balance_gate,LightGBM,baseline_eda_onehot,class_weight,train_sample,without_anomaly_scores,validation,default_0_50,0.5,23596,23596,1186,22410,264,84308,0.05026275639938973,0.9497372436006103,0.8179310344827586,0.20999269101744786,0.1820689655172414,0.7900073089825521,0.7900073089825521,0.21814214924931588,0.013405073589231566,3.7495322994546125,3.7495322994546125,18.895446880269816,0.16753308011593543,0.8836967812688419,12.497736696538277,108168
balance_gate | LightGBM | class_weight,balance_gate,LightGBM,baseline_eda_onehot,class_weight,train_sample,without_anomaly_scores,validation,valid_global_5pct_fpr,0.8361452176052429,6022,6022,724,5298,726,101420,0.12022583859182996,0.87977416140817,0.4993103448275862,0.04964485841188928,0.5006896551724138,0.9503551415881107,0.9503551415881107,0.0556726573478293,0.013405073589231566,8.96868173020763,8.96868173020763,7.31767955801105,0.16753308011593543,0.8836967812688419,12.497736696538277,108168
balance_gate | LightGBM | class_weight,balance_gate,LightGBM,baseline_eda_onehot,class_weight,train_sample,without_anomaly_scores,test,default_0_50,0.5,19861,19861,1162,18699,266,76716,0.058506621016061626,0.9414933789839384,0.8137254901960784,0.19597547555415815,0.18627450980392157,0.8040245244458418,0.8040245244458418,0.20508451824086407,0.014745515938167962,3.9677567920577426,3.9677567920577426,16.092082616179002,0.20213883964133372,0.8896031210262233,13.708495551390534,96843
balance_gate | LightGBM | class_weight,balance_gate,LightGBM,baseline_eda_onehot,class_weight,train_sample,without_anomaly_scores,test,valid_global_5pct_fpr,0.8361452176052429,5293,5293,782,4511,646,90904,0.14774230115246553,0.8522576988475344,0.5476190476190477,0.04727768170623067,0.4523809523809524,0.9527223182937693,0.9527223182937693,0.05465547329182285,0.014745515938167962,10.019473158619201,10.019473158619201,5.768542199488491,0.20213883964133372,0.8896031210262233,13.708495551390534,96843
balance_gate | LightGBM | random_undersampling,balance_gate,LightGBM,baseline_eda_onehot,random_undersampling,train_sample,without_anomaly_scores,validation,default_0_50,0.5,74098,74098,1428,72670,22,34048,0.019271775216605037,0.9807282247833949,0.9848275862068966,0.6809535411083416,0.015172413793103448,0.3190464588916584,0.3190464588916584,0.6850269950447452,0.013405073589231566,1.4376478493998164,1.4376478493998164,50.88935574229692,0.16027061674518947,0.8864579416845298,11.955966946271486,108168
balance_gate | LightGBM | random_undersampling,balance_gate,LightGBM,baseline_eda_onehot,random_undersampling,train_sample,without_anomaly_scores,validation,valid_global_5pct_fpr,0.9858097601700312,6078,6078,754,5324,696,101394,0.1240539651201053,0.8759460348798946,0.52,0.04988849116362751,0.48,0.9501115088363725,0.9501115088363725,0.05619037053472376,0.013405073589231566,9.254254689042448,9.254254689042448,7.061007957559681,0.16027061674518947,0.8864579416845298,11.955966946271486,108168
balance_gate | LightGBM | random_undersampling,balance_gate,LightGBM,baseline_eda_onehot,random_undersampling,train_sample,without_anomaly_scores,test,default_0_50,0.5,60880,60880,1391,59489,37,35926,0.022848226018396846,0.9771517739816031,0.9740896358543417,0.6234763926007442,0.025910364145658265,0.3765236073992559,0.3765236073992559,0.6286463657672728,0.014745515938167962,1.5495033279409003,1.5495033279409003,42.76707404744788,0.19421845133093996,0.8891076773422778,13.171356780281666,96843
balance_gate | LightGBM | random_undersampling,balance_gate,LightGBM,baseline_eda_onehot,random_undersampling,train_sample,without_anomaly_scores,test,valid_global_5pct_fpr,0.9858097601700312,4737,4737,739,3998,689,91417,0.15600591091408064,0.8439940890859193,0.5175070028011205,0.04190116857936383,0.48249299719887956,0.9580988314206361,0.9580988314206361,0.04891422198816641,0.014745515938167962,10.579888256759322,10.579888256759322,5.41001353179973,0.19421845133093996,0.8891076773422778,13.171356780281666,96843
balance_gate | LightGBM | random_oversampling,balance_gate,LightGBM,baseline_eda_onehot,random_oversampling,train_sample,without_anomaly_scores,validation,default_0_50,0.5,62099,62099,1402,60697,48,46021,0.02257685308942173,0.9774231469105783,0.9668965517241379,0.5687606589328885,0.03310344827586207,0.4312393410671114,0.4312393410671114,0.5740976998742696,0.013405073589231566,1.6842020999838412,1.6842020999838412,43.29315263908702,0.16466955894233765,0.8873072506270151,12.284121966672261,108168
balance_gate | LightGBM | random_oversampling,balance_gate,LightGBM,baseline_eda_onehot,random_oversampling,train_sample,without_anomaly_scores,validation,valid_global_5pct_fpr,0.9679363333021951,6061,6061,747,5314,703,101404,0.12324698894571853,0.8767530110542815,0.5151724137931034,0.0497947862591128,0.48482758620689653,0.9502052137408872,0.9502052137408872,0.056033207602987946,0.013405073589231566,9.19405537950378,9.19405537950378,7.113788487282463,0.16466955894233765,0.8873072506270151,12.284121966672261,108168
balance_gate | LightGBM | random_oversampling,balance_gate,LightGBM,baseline_eda_onehot,random_oversampling,train_sample,without_anomaly_scores,test,default_0_50,0.5,50047,50047,1364,48683,64,46732,0.027254380881970946,0.972745619118029,0.9551820728291317,0.5102237593669758,0.04481792717086835,0.48977624063302416,0.48977624063302416,0.5167848992699524,0.014745515938167962,1.8483165320397146,1.8483165320397146,35.691348973607035,0.19815951826934508,0.8907384900194946,13.438629011035145,96843
balance_gate | LightGBM | random_oversampling,balance_gate,LightGBM,baseline_eda_onehot,random_oversampling,train_sample,without_anomaly_scores,test,valid_global_5pct_fpr,0.9679363333021951,4640,4640,743,3897,685,91518,0.16012931034482758,0.8398706896551724,0.5203081232492998,0.040842634805848134,0.4796918767507003,0.9591573651941518,0.9591573651941518,0.04791260080749254,0.014745515938167962,10.859525771515502,10.859525771515502,5.244952893674293,0.19815951826934508,0.8907384900194946,13.438629011035145,96843
balance_gate | LightGBM | smote,balance_gate,LightGBM,baseline_eda_onehot,smote,train_sample,without_anomaly_scores,validation,default_0_50,0.5,24929,24929,1222,23707,228,83011,0.04901921456937703,0.9509807854306229,0.8427586206896551,0.22214621713300475,0.15724137931034482,0.7778537828669952,0.7778537828669952,0.23046557207307153,0.013405073589231566,3.6567657941657754,3.6567657941657754,19.400163666121113,0.1643766129259146,0.8885420712402846,12.262268597910571,108168
balance_gate | LightGBM | smote,balance_gate,LightGBM,baseline_eda_onehot,smote,train_sample,without_anomaly_scores,validation,valid_global_5pct_fpr,0.8424248266206245,6051,6051,730,5321,720,101397,0.12064121632787969,0.8793587836721203,0.503448275862069,0.049860379692273096,0.496551724137931,0.9501396203077269,0.9501396203077269,0.05594075881961393,0.013405073589231566,8.99966833638213,8.99966833638213,7.289041095890411,0.1643766129259146,0.8885420712402846,12.262268597910571,108168
balance_gate | LightGBM | smote,balance_gate,LightGBM,baseline_eda_onehot,smote,train_sample,without_anomaly_scores,test,default_0_50,0.5,19753,19753,1162,18591,266,76824,0.05882650736596973,0.9411734926340303,0.8137254901960784,0.19484357805376512,0.18627450980392157,0.8051564219462348,0.8051564219462348,0.2039693111531035,0.014745515938167962,3.989450597228716,3.989450597228716,15.999139414802066,0.1983263657676749,0.891382488644989,13.449944145685533,96843
balance_gate | LightGBM | smote,balance_gate,LightGBM,baseline_eda_onehot,smote,train_sample,without_anomaly_scores,test,valid_global_5pct_fpr,0.8424248266206245,4904,4904,757,4147,671,91268,0.15436378466557912,0.8456362153344209,0.5301120448179272,0.043462767908609756,0.4698879551820728,0.9565372320913902,0.9565372320913902,0.05063866257757401,0.014745515938167962,10.468523808381429,10.468523808381429,5.478203434610304,0.1983263657676749,0.891382488644989,13.449944145685533,96843
balance_gate | Random Forest | class_weight,balance_gate,Random Forest,baseline_eda_onehot,class_weight,train_sample,without_anomaly_scores,validation,default_0_50,0.5,12949,12949,959,11990,491,94728,0.07405977295544057,0.9259402270445595,0.6613793103448276,0.11235218051312806,0.3386206896551724,0.887647819486872,0.887647819486872,0.11971192959100659,0.013405073589231566,5.524756911064893,5.524756911064893,12.502606882168926,0.1543480393964942,0.8793229788336777,11.514150845131022,108168
balance_gate | Random Forest | class_weight,balance_gate,Random Forest,baseline_eda_onehot,class_weight,train_sample,without_anomaly_scores,validation,valid_global_5pct_fpr,0.6399207700174234,6032,6032,706,5326,744,101392,0.11704244031830238,0.8829575596816976,0.4868965517241379,0.049907232144530446,0.5131034482758621,0.9500927678554696,0.9500927678554696,0.055765106131203314,0.013405073589231566,8.731204609896642,8.731204609896642,7.543909348441926,0.1543480393964942,0.8793229788336777,11.514150845131022,108168
balance_gate | Random Forest | class_weight,balance_gate,Random Forest,baseline_eda_onehot,class_weight,train_sample,without_anomaly_scores,test,default_0_50,0.5,9791,9791,941,8850,487,86565,0.0961086712286794,0.9038913287713206,0.6589635854341737,0.09275271183776136,0.34103641456582634,0.9072472881622387,0.9072472881622387,0.10110178329874127,0.014745515938167962,6.517823562884454,6.517823562884454,9.404888416578109,0.175278063239611,0.8800466002048254,11.886872183693031,96843
balance_gate | Random Forest | class_weight,balance_gate,Random Forest,baseline_eda_onehot,class_weight,train_sample,without_anomaly_scores,test,valid_global_5pct_fpr,0.6399207700174234,4378,4378,662,3716,766,91699,0.15121059844677937,0.8487894015532207,0.4635854341736695,0.03894565843944872,0.5364145658263305,0.9610543415605513,0.9610543415605513,0.04520719102051775,0.014745515938167962,10.25468346315228,10.25468346315228,5.613293051359516,0.175278063239611,0.8800466002048254,11.886872183693031,96843
balance_gate | Random Forest | random_undersampling,balance_gate,Random Forest,baseline_eda_onehot,random_undersampling,train_sample,without_anomaly_scores,validation,default_0_50,0.5,22422,22422,1146,21276,304,85442,0.051110516457051114,0.9488894835429489,0.7903448275862069,0.1993665548454806,0.2096551724137931,0.8006334451545194,0.8006334451545194,0.207288662081207,0.013405073589231566,3.8127740304319344,3.8127740304319344,18.56544502617801,0.15239497140127406,0.8757845071542079,11.368454666574491,108168
balance_gate | Random Forest | random_undersampling,balance_gate,Random Forest,baseline_eda_onehot,random_undersampling,train_sample,without_anomaly_scores,validation,valid_global_5pct_fpr,0.7112674965400215,6017,6017,716,5301,734,101417,0.11899617749709157,0.8810038225029084,0.49379310344827587,0.04967296988324369,0.5062068965517241,0.9503270301167563,0.9503270301167563,0.055626432956142294,0.013405073589231566,8.876950708624413,8.876950708624413,7.403631284916201,0.15239497140127406,0.8757845071542079,11.368454666574491,108168
balance_gate | Random Forest | random_undersampling,balance_gate,Random Forest,baseline_eda_onehot,random_undersampling,train_sample,without_anomaly_scores,test,default_0_50,0.5,17633,17633,1107,16526,321,78889,0.06278001474508024,0.9372199852549198,0.7752100840336135,0.17320127862495416,0.22478991596638656,0.8267987213750458,0.8267987213750458,0.18207820906002498,0.014745515938167962,4.257566504172133,4.257566504172133,14.928635953026197,0.16907606614477613,0.8790468542916827,11.466269939536803,96843
balance_gate | Random Forest | random_undersampling,balance_gate,Random Forest,baseline_eda_onehot,random_undersampling,train_sample,without_anomaly_scores,test,valid_global_5pct_fpr,0.7112674965400215,4726,4726,688,4038,740,91377,0.1455776555226407,0.8544223444773593,0.48179271708683474,0.04232038987580569,0.5182072829131653,0.9576796101241943,0.9576796101241943,0.048800636081079686,0.014745515938167962,9.872672894803287,9.872672894803287,5.869186046511628,0.16907606614477613,0.8790468542916827,11.466269939536803,96843
balance_gate | Random Forest | random_oversampling,balance_gate,Random Forest,baseline_eda_onehot,random_oversampling,train_sample,without_anomaly_scores,validation,default_0_50,0.5,15354,15354,1015,14339,435,92379,0.06610655203855673,0.9338934479614432,0.7,0.13436346258363163,0.3,0.8656365374163684,0.8656365374163684,0.14194586199245618,0.013405073589231566,4.931457600625244,4.931457600625244,14.127093596059114,0.1556076634276531,0.8790782022358636,11.60811706044302,108168
balance_gate | Random Forest | random_oversampling,balance_gate,Random Forest,baseline_eda_onehot,random_oversampling,train_sample,without_anomaly_scores,validation,valid_global_5pct_fpr,0.6730301122720159,6025,6025,713,5312,737,101406,0.1183402489626556,0.8816597510373444,0.4917241379310345,0.04977604527820986,0.5082758620689655,0.9502239547217901,0.9502239547217901,0.055700391982841505,0.013405073589231566,8.828019344684504,8.828019344684504,7.450210378681627,0.1556076634276531,0.8790782022358636,11.60811706044302,108168
balance_gate | Random Forest | random_oversampling,balance_gate,Random Forest,baseline_eda_onehot,random_oversampling,train_sample,without_anomaly_scores,test,default_0_50,0.5,11988,11988,1003,10985,425,84430,0.083667000333667,0.916332999666333,0.7023809523809523,0.1151286485353456,0.2976190476190476,0.8848713514646545,0.8848713514646545,0.12378798674142684,0.014745515938167962,5.674063944897278,5.674063944897278,10.952143569292124,0.1766613298592025,0.8809270823562879,11.980681489884276,96843
balance_gate | Random Forest | random_oversampling,balance_gate,Random Forest,baseline_eda_onehot,random_oversampling,train_sample,without_anomaly_scores,test,valid_global_5pct_fpr,0.6730301122720159,4575,4575,684,3891,744,91524,0.14950819672131146,0.8504918032786886,0.4789915966386555,0.04077975161138186,0.5210084033613446,0.9592202483886182,0.9592202483886182,0.04724141135652551,0.014745515938167962,10.139231299077007,10.139231299077007,5.68859649122807,0.1766613298592025,0.8809270823562879,11.980681489884276,96843
balance_gate | Random Forest | smote,balance_gate,Random Forest,baseline_eda_onehot,smote,train_sample,without_anomaly_scores,validation,default_0_50,0.5,3726,3726,519,3207,931,103511,0.1392914653784219,0.8607085346215781,0.35793103448275865,0.030051162877865027,0.6420689655172414,0.969948837122135,0.969948837122135,0.034446416685156425,0.013405073589231566,10.390951191071132,10.390951191071132,6.179190751445087,0.13063436160532868,0.8719918980800834,9.745143190431167,108168
balance_gate | Random Forest | smote,balance_gate,Random Forest,baseline_eda_onehot,smote,train_sample,without_anomaly_scores,validation,valid_global_5pct_fpr,0.4056764322138482,5986,5986,660,5326,790,101392,0.11025726695623121,0.8897427330437688,0.45517241379310347,0.049907232144530446,0.5448275862068965,0.9500927678554696,0.9500927678554696,0.055339841727682866,0.013405073589231566,8.225040035945943,8.225040035945943,8.06969696969697,0.13063436160532868,0.8719918980800834,9.745143190431167,108168
balance_gate | Random Forest | smote,balance_gate,Random Forest,baseline_eda_onehot,smote,train_sample,without_anomaly_scores,test,default_0_50,0.5,3075,3075,535,2540,893,92875,0.17398373983739837,0.8260162601626017,0.3746498599439776,0.026620552324058064,0.6253501400560224,0.973379447675942,0.973379447675942,0.031752424026517144,0.014745515938167962,11.799094759855162,11.799094759855162,4.747663551401869,0.15237648696874692,0.8732518464599066,10.33375078957588,96843
balance_gate | Random Forest | smote,balance_gate,Random Forest,baseline_eda_onehot,smote,train_sample,without_anomaly_scores,test,valid_global_5pct_fpr,0.4056764322138482,4972,4972,670,4302,758,91113,0.13475462590506837,0.8652453740949316,0.469187675070028,0.045087250432321965,0.530812324929972,0.954912749567678,0.954912749567678,0.051340830003201054,0.014745515938167962,9.13868503958301,9.13868503958301,6.42089552238806,0.15237648696874692,0.8732518464599066,10.33375078957588,96843
balance_gate | Logistic Regression | class_weight,balance_gate,Logistic Regression,baseline_eda_onehot,class_weight,train_sample,without_anomaly_scores,validation,default_0_50,0.5,20162,20162,1112,19050,338,87668,0.055153258605297094,0.9448467413947029,0.766896551724138,0.17850784310050788,0.23310344827586207,0.8214921568994921,0.8214921568994921,0.18639523703868058,0.013405073589231566,4.114357018495018,4.114357018495018,17.131294964028775,0.14917121754504595,0.8766576688416974,11.127967075456917,108168
balance_gate | Logistic Regression | class_weight,balance_gate,Logistic Regression,baseline_eda_onehot,class_weight,train_sample,without_anomaly_scores,validation,valid_global_5pct_fpr,0.7768670748835765,6049,6049,716,5333,734,101385,0.11836667217721937,0.8816333278227806,0.49379310344827587,0.049972825577690734,0.5062068965517241,0.9500271744223092,0.9500271744223092,0.05592226906293913,0.013405073589231566,8.829990480045147,8.829990480045147,7.448324022346369,0.14917121754504595,0.8766576688416974,11.127967075456917,108168
balance_gate | Logistic Regression | class_weight,balance_gate,Logistic Regression,baseline_eda_onehot,class_weight,train_sample,without_anomaly_scores,test,default_0_50,0.5,14192,14192,1058,13134,370,82281,0.07454904171364149,0.9254509582863585,0.7408963585434174,0.13765131268668448,0.25910364145658266,0.8623486873133155,0.8623486873133155,0.1465464721249858,0.014745515938167962,5.055709276382481,5.055709276382481,12.41398865784499,0.17986403832095657,0.8815050382150449,12.197880296299997,96843
balance_gate | Logistic Regression | class_weight,balance_gate,Logistic Regression,baseline_eda_onehot,class_weight,train_sample,without_anomaly_scores,test,valid_global_5pct_fpr,0.7768670748835765,3926,3926,628,3298,800,92117,0.1599592460519613,0.8400407539480387,0.43977591036414565,0.03456479589163129,0.5602240896358543,0.9654352041083687,0.9654352041083687,0.04053984283840856,0.014745515938167962,10.847992482780173,10.847992482780173,5.251592356687898,0.17986403832095657,0.8815050382150449,12.197880296299997,96843
balance_gate | Logistic Regression | random_undersampling,balance_gate,Logistic Regression,baseline_eda_onehot,random_undersampling,train_sample,without_anomaly_scores,validation,default_0_50,0.5,20092,20092,1112,18980,338,87738,0.05534541110889907,0.9446545888911009,0.766896551724138,0.17785190876890497,0.23310344827586207,0.822148091231095,0.822148091231095,0.1857480955550625,0.013405073589231566,4.128691330225789,4.128691330225789,17.068345323741006,0.14927111575604138,0.8765281298892149,11.13541934420654,108168
balance_gate | Logistic Regression | random_undersampling,balance_gate,Logistic Regression,baseline_eda_onehot,random_undersampling,train_sample,without_anomaly_scores,validation,valid_global_5pct_fpr,0.771672656107945,6045,6045,720,5325,730,101393,0.11910669975186104,0.8808933002481389,0.496551724137931,0.04989786165407897,0.503448275862069,0.950102138345921,0.950102138345921,0.055885289549589524,0.013405073589231566,8.885195516385727,8.885195516385727,7.395833333333333,0.14927111575604138,0.8765281298892149,11.13541934420654,108168
balance_gate | Logistic Regression | random_undersampling,balance_gate,Logistic Regression,baseline_eda_onehot,random_undersampling,train_sample,without_anomaly_scores,test,default_0_50,0.5,14149,14149,1056,13093,372,82322,0.0746342497703018,0.9253657502296982,0.7394957983193278,0.13722161085783158,0.2605042016806723,0.8627783891421684,0.8627783891421684,0.14610245448819223,0.014745515938167962,5.061487850493934,5.061487850493934,12.398674242424242,0.18032828238018675,0.8812979449496091,12.229364040997497,96843
balance_gate | Logistic Regression | random_undersampling,balance_gate,Logistic Regression,baseline_eda_onehot,random_undersampling,train_sample,without_anomaly_scores,test,valid_global_5pct_fpr,0.771672656107945,3951,3951,630,3321,798,92094,0.15945330296127563,0.8405466970387243,0.4411764705882353,0.034805848137085364,0.5588235294117647,0.9651941518629147,0.9651941518629147,0.040797992627242034,0.014745515938167962,10.813680825405333,10.813680825405333,5.271428571428571,0.18032828238018675,0.8812979449496091,12.229364040997497,96843
balance_gate | Logistic Regression | random_oversampling,balance_gate,Logistic Regression,baseline_eda_onehot,random_oversampling,train_sample,without_anomaly_scores,validation,default_0_50,0.5,20296,20296,1110,19186,340,87532,0.05469057942451715,0.9453094205754828,0.7655172413793103,0.17978222980190783,0.23448275862068965,0.8202177701980922,0.8202177701980922,0.18763405073589232,0.013405073589231566,4.0798417897870145,4.0798417897870145,17.284684684684684,0.14864587781735408,0.8765210212412862,11.088777456377624,108168
balance_gate | Logistic Regression | random_oversampling,balance_gate,Logistic Regression,baseline_eda_onehot,random_oversampling,train_sample,without_anomaly_scores,validation,valid_global_5pct_fpr,0.7777463070948167,6049,6049,716,5333,734,101385,0.11836667217721937,0.8816333278227806,0.49379310344827587,0.049972825577690734,0.5062068965517241,0.9500271744223092,0.9500271744223092,0.05592226906293913,0.013405073589231566,8.829990480045147,8.829990480045147,7.448324022346369,0.14864587781735408,0.8765210212412862,11.088777456377624,108168
balance_gate | Logistic Regression | random_oversampling,balance_gate,Logistic Regression,baseline_eda_onehot,random_oversampling,train_sample,without_anomaly_scores,test,default_0_50,0.5,14269,14269,1056,13213,372,82202,0.07400658770761791,0.9259934122923821,0.7394957983193278,0.13847927474715716,0.2605042016806723,0.8615207252528428,0.8615207252528428,0.1473415734745929,0.014745515938167962,5.01892154997818,5.01892154997818,12.512310606060606,0.17949174628594985,0.8815038125505402,12.172632482892327,96843
balance_gate | Logistic Regression | random_oversampling,balance_gate,Logistic Regression,baseline_eda_onehot,random_oversampling,train_sample,without_anomaly_scores,test,valid_global_5pct_fpr,0.7777463070948167,3911,3911,630,3281,798,92134,0.16108412170800307,0.838915878291997,0.4411764705882353,0.0343866268406435,0.5588235294117647,0.9656133731593565,0.9656133731593565,0.040384952965108474,0.014745515938167962,10.924278430369847,10.924278430369847,5.207936507936508,0.17949174628594985,0.8815038125505402,12.172632482892327,96843
balance_gate | Logistic Regression | smote,balance_gate,Logistic Regression,baseline_eda_onehot,smote,train_sample,without_anomaly_scores,validation,default_0_50,0.5,18973,18973,1076,17897,374,88821,0.05671216992568387,0.9432878300743162,0.7420689655172413,0.1677036676099627,0.2579310344827586,0.8322963323900373,0.8322963323900373,0.1754030766955107,0.013405073589231566,4.23064965277336,4.23064965277336,16.632899628252787,0.1444722855597812,0.8748300483840428,10.777433230641664,108168
balance_gate | Logistic Regression | smote,balance_gate,Logistic Regression,baseline_eda_onehot,smote,train_sample,without_anomaly_scores,validation,valid_global_5pct_fpr,0.7943308396838724,6022,6022,704,5318,746,101400,0.11690468282962471,0.8830953171703753,0.48551724137931035,0.049832268220918685,0.5144827586206897,0.9501677317790813,0.9501677317790813,0.0556726573478293,0.013405073589231566,8.720928091251617,8.720928091251617,7.5539772727272725,0.1444722855597812,0.8748300483840428,10.777433230641664,108168
balance_gate | Logistic Regression | smote,balance_gate,Logistic Regression,baseline_eda_onehot,smote,train_sample,without_anomaly_scores,test,default_0_50,0.5,13501,13501,1028,12473,400,82942,0.07614250796237315,0.9238574920376268,0.7198879551820728,0.13072368076298277,0.2801120448179272,0.8692763192370172,0.8692763192370172,0.13941121196162862,0.014745515938167962,5.163773738515478,5.163773738515478,12.133268482490273,0.17688867147922432,0.8789342546220397,11.996099168111009,96843
balance_gate | Logistic Regression | smote,balance_gate,Logistic Regression,baseline_eda_onehot,smote,train_sample,without_anomaly_scores,test,valid_global_5pct_fpr,0.7943308396838724,3898,3898,616,3282,812,92133,0.15802975885069268,0.8419702411493073,0.43137254901960786,0.03439710737305455,0.5686274509803921,0.9656028926269454,0.9656028926269454,0.04025071507491507,0.014745515938167962,10.71714001146893,10.71714001146893,5.327922077922078,0.17688867147922432,0.8789342546220397,11.996099168111009,96843
balance_gate | Decision Tree | class_weight,balance_gate,Decision Tree,baseline_eda_onehot,class_weight,train_sample,without_anomaly_scores,validation,default_0_50,0.5,28274,28274,1118,27156,332,79562,0.03954162835113532,0.9604583716488647,0.7710344827586207,0.25446503870012555,0.2289655172413793,0.7455349612998744,0.7455349612998744,0.2613896901116781,0.013405073589231566,2.9497509348176587,2.9497509348176587,24.28980322003578,0.08846348556215292,0.8310365733473526,6.599254004335831,108168
balance_gate | Decision Tree | class_weight,balance_gate,Decision Tree,baseline_eda_onehot,class_weight,train_sample,without_anomaly_scores,validation,valid_global_5pct_fpr,0.8371008459922289,5886,5886,596,5290,854,101428,0.10125722052327557,0.8987427794767244,0.4110344827586207,0.04956989448827752,0.5889655172413794,0.9504301055117225,0.9504301055117225,0.05441535389394275,0.013405073589231566,7.553648985904601,7.553648985904601,8.875838926174497,0.08846348556215292,0.8310365733473526,6.599254004335831,108168
balance_gate | Decision Tree | class_weight,balance_gate,Decision Tree,baseline_eda_onehot,class_weight,train_sample,without_anomaly_scores,test,default_0_50,0.5,22048,22048,1079,20969,349,74446,0.04893867924528302,0.9510613207547169,0.7556022408963585,0.21976628412723367,0.24439775910364145,0.7802337158727664,0.7802337158727664,0.22766746176801628,0.014745515938167962,3.318885514111305,3.318885514111305,19.433734939759034,0.11056413792841763,0.8399135444147791,7.498153227872373,96843
balance_gate | Decision Tree | class_weight,balance_gate,Decision Tree,baseline_eda_onehot,class_weight,train_sample,without_anomaly_scores,test,valid_global_5pct_fpr,0.8371008459922289,4472,4472,580,3892,848,91523,0.129695885509839,0.870304114490161,0.4061624649859944,0.040790232143792904,0.5938375350140056,0.959209767856207,0.959209767856207,0.0461778342265316,0.014745515938167962,8.795615294418303,8.795615294418303,6.710344827586207,0.11056413792841763,0.8399135444147791,7.498153227872373,96843
balance_gate | Decision Tree | random_undersampling,balance_gate,Decision Tree,baseline_eda_onehot,random_undersampling,train_sample,without_anomaly_scores,validation,default_0_50,0.5,27972,27972,1145,26827,305,79891,0.04093379093379093,0.9590662090662091,0.7896551724137931,0.25138214734159187,0.2103448275862069,0.7486178526584082,0.7486178526584082,0.258597736853783,0.013405073589231566,3.0536043432595155,3.0536043432595155,23.429694323144105,0.0956435551367455,0.8431975215375878,7.134877291056197,108168
balance_gate | Decision Tree | random_undersampling,balance_gate,Decision Tree,baseline_eda_onehot,random_undersampling,train_sample,without_anomaly_scores,validation,valid_global_5pct_fpr,0.8401253918495298,5897,5897,584,5313,866,101405,0.0990334068170256,0.9009665931829745,0.4027586206896552,0.04978541576866133,0.5972413793103448,0.9502145842313386,0.9502145842313386,0.05451704755565417,0.013405073589231566,7.387755550747603,7.387755550747603,9.097602739726028,0.0956435551367455,0.8431975215375878,7.134877291056197,108168
balance_gate | Decision Tree | random_undersampling,balance_gate,Decision Tree,baseline_eda_onehot,random_undersampling,train_sample,without_anomaly_scores,test,default_0_50,0.5,22171,22171,1084,21087,344,74328,0.048892697668125026,0.951107302331875,0.7591036414565826,0.22100298695173715,0.24089635854341737,0.7789970130482629,0.7789970130482629,0.22893755872907695,0.014745515938167962,3.3157671710603864,3.3157671710603864,19.452952029520294,0.11096377299789374,0.8409482988290427,7.5252553700525375,96843
balance_gate | Decision Tree | random_undersampling,balance_gate,Decision Tree,baseline_eda_onehot,random_undersampling,train_sample,without_anomaly_scores,test,valid_global_5pct_fpr,0.8401253918495298,4497,4497,546,3951,882,91464,0.12141427618412275,0.8785857238158773,0.38235294117647056,0.04140858355604465,0.6176470588235294,0.9585914164439554,0.9585914164439554,0.04643598401536508,0.014745515938167962,8.233979515755601,8.233979515755601,7.236263736263736,0.11096377299789374,0.8409482988290427,7.5252553700525375,96843
balance_gate | Decision Tree | random_oversampling,balance_gate,Decision Tree,baseline_eda_onehot,random_oversampling,train_sample,without_anomaly_scores,validation,default_0_50,0.5,25035,25035,1076,23959,374,82759,0.04297982824046335,0.9570201717595367,0.7420689655172413,0.22450758072677524,0.2579310344827586,0.7754924192732248,0.7754924192732248,0.23144552917683603,0.013405073589231566,3.2062359042168547,3.2062359042168547,22.266728624535315,0.09126372127465159,0.8290295467719953,6.8081477260941465,108168
balance_gate | Decision Tree | random_oversampling,balance_gate,Decision Tree,baseline_eda_onehot,random_oversampling,train_sample,without_anomaly_scores,validation,valid_global_5pct_fpr,0.8468932666206346,5495,5495,567,4928,883,101790,0.10318471337579618,0.8968152866242038,0.3910344827586207,0.046177776944845296,0.6089655172413793,0.9538222230551547,0.9538222230551547,0.05080060646401893,0.013405073589231566,7.697437294091808,7.697437294091808,8.691358024691358,0.09126372127465159,0.8290295467719953,6.8081477260941465,108168
balance_gate | Decision Tree | random_oversampling,balance_gate,Decision Tree,baseline_eda_onehot,random_oversampling,train_sample,without_anomaly_scores,test,default_0_50,0.5,18732,18732,1027,17705,401,77710,0.05482596626094384,0.9451740337390562,0.719187675070028,0.18555782633757795,0.280812324929972,0.814442173662422,0.814442173662422,0.19342647377714445,0.014745515938167962,3.7181449934233783,3.7181449934233783,17.239532619279455,0.11204550797840193,0.8328296219184629,7.5986156366613296,96843
balance_gate | Decision Tree | random_oversampling,balance_gate,Decision Tree,baseline_eda_onehot,random_oversampling,train_sample,without_anomaly_scores,test,valid_global_5pct_fpr,0.8468932666206346,4028,4028,529,3499,899,91916,0.13133068520357497,0.8686693147964251,0.3704481792717087,0.03667138290625164,0.6295518207282913,0.9633286170937484,0.9633286170937484,0.04159309397684913,0.014745515938167962,8.906482876169335,8.906482876169335,6.614366729678639,0.11204550797840193,0.8328296219184629,7.5986156366613296,96843
balance_gate | Decision Tree | smote,balance_gate,Decision Tree,baseline_eda_onehot,smote,train_sample,without_anomaly_scores,validation,default_0_50,0.5,6098,6098,560,5538,890,101180,0.09183338799606429,0.9081666120039357,0.38620689655172413,0.05189377612024213,0.6137931034482759,0.9481062238797578,0.9481062238797578,0.05637526810147178,0.013405073589231566,6.850644077764332,6.850644077764332,9.889285714285714,0.07365821843356052,0.822620561053269,5.494801497600948,108168
balance_gate | Decision Tree | smote,balance_gate,Decision Tree,baseline_eda_onehot,smote,train_sample,without_anomaly_scores,validation,valid_global_5pct_fpr,0.5426567408734464,5187,5187,488,4699,962,102019,0.09408135723925197,0.9059186427607481,0.33655172413793105,0.04403193463145861,0.663448275862069,0.9559680653685414,0.9559680653685414,0.0479531839360994,0.013405073589231566,7.018339482658901,7.018339482658901,9.629098360655737,0.07365821843356052,0.822620561053269,5.494801497600948,108168
balance_gate | Decision Tree | smote,balance_gate,Decision Tree,baseline_eda_onehot,smote,train_sample,without_anomaly_scores,test,default_0_50,0.5,5346,5346,616,4730,812,90685,0.11522633744855967,0.8847736625514403,0.43137254901960786,0.049572918304249855,0.5686274509803921,0.9504270816957502,0.9504270816957502,0.05520275084414981,0.014745515938167962,7.814330670539821,7.814330670539821,7.678571428571429,0.09910105797453125,0.8345094721848284,6.72075893377278,96843
balance_gate | Decision Tree | smote,balance_gate,Decision Tree,baseline_eda_onehot,smote,train_sample,without_anomaly_scores,test,valid_global_5pct_fpr,0.5426567408734464,4400,4400,544,3856,884,91559,0.12363636363636364,0.8763636363636363,0.38095238095238093,0.04041293297699523,0.6190476190476191,0.9595870670230048,0.9595870670230048,0.045434362834691204,0.014745515938167962,8.384675324675325,8.384675324675325,7.088235294117647,0.09910105797453125,0.8345094721848284,6.72075893377278,96843
